episode,env_steps,return,length,success,collisions,final_dist_m,goal_dist_m,alpha,curriculum_max_dist_m,target_entropy,stuck
1,500,-59.29,500,0,16,1.745,1.316,1.0,3.0,-3.007,0
2,897,-97.63,397,0,24,7.465,2.687,1.0,3.0,-3.013,1
3,1397,-73.85,500,0,65,4.47,2.585,1.0,3.0,-3.02,0
4,1834,-81.34,437,0,82,4.632,1.684,1.0,3.0,-3.026,1
5,2334,-93.22,500,0,15,5.635,1.812,0.9061,3.0,-3.033,0
6,2834,-23.36,500,0,1,2.096,2.46,0.7915,3.0,-3.04,0
7,3334,-73.5,500,0,0,6.976,2.127,0.6979,3.0,-3.048,0
8,3834,-60.26,500,0,0,5.855,2.329,0.6174,3.0,-3.055,0
9,4334,-10.11,500,0,0,1.252,2.741,0.546,3.0,-3.062,0
10,4834,-26.29,500,0,1,2.763,2.834,0.482,3.0,-3.069,0
11,5334,-22.12,500,0,0,1.685,1.973,0.4266,3.0,-3.076,0
12,5644,83.9,310,1,9,0.3,2.04,0.3952,3.0,-3.081,0
13,6144,-46.42,500,0,22,1.851,2.708,0.3482,3.0,-3.088,0
14,6163,126.36,19,1,0,0.231,2.962,0.3464,3.0,-3.088,0
15,6663,-24.86,500,0,1,1.51,1.723,0.3047,3.0,-3.095,0
16,6697,-17.6,34,0,7,1.24,1.05,0.3014,3.0,-3.096,1
17,6704,-14.82,7,0,6,2.42,2.174,0.3008,3.0,-3.096,1
18,7204,-24.33,500,0,1,2.421,2.687,0.2639,3.0,-3.103,0
19,7212,112.88,8,1,0,0.224,1.552,0.2634,3.0,-3.103,0
20,7222,-1.96,10,0,5,1.593,2.446,0.2627,3.0,-3.103,1
21,7276,111.32,54,1,0,0.105,1.507,0.2591,3.0,-3.104,0
22,7283,-13.58,7,0,6,1.404,1.282,0.2587,3.0,-3.104,1
23,7294,-5.7,11,0,5,1.684,2.169,0.2579,3.0,-3.104,1
24,7299,-10.25,5,0,5,2.21,2.21,0.2576,3.0,-3.104,1
25,7409,97.7,110,1,10,0.286,2.607,0.2507,3.0,-3.106,0
26,7671,-37.13,262,0,16,1.335,1.933,0.2356,3.0,-3.11,1
27,8171,-33.65,500,0,0,2.933,2.068,0.2082,3.0,-3.117,0
28,8671,-12.27,500,0,1,1.485,2.958,0.1834,3.0,-3.124,0
29,9171,-26.76,500,0,0,3.089,2.912,0.162,3.0,-3.131,0
30,9223,-19.89,52,0,19,1.714,2.985,0.1597,3.0,-3.132,1
31,9306,87.82,83,1,25,0.245,2.442,0.1565,3.0,-3.133,0
32,9806,-21.9,500,0,0,0.989,1.299,0.1395,3.0,-3.14,0
33,10306,-10.31,500,0,0,0.526,1.996,0.1257,3.0,-3.147,0
34,10806,-22.77,500,0,0,1.924,2.148,0.1134,3.0,-3.154,0
35,11306,-54.2,500,0,20,2.33,2.409,0.1026,3.0,-3.162,0
36,11310,114.5,4,1,0,0.267,1.736,0.1026,3.0,-3.162,0
37,11810,-17.42,500,0,0,1.502,2.26,0.0957,3.0,-3.169,0
38,11823,123.63,13,1,0,0.243,2.671,0.0954,3.0,-3.169,0
39,11890,115.59,67,1,1,0.277,2.372,0.0938,3.0,-3.17,0
40,12390,-15.75,500,0,0,0.93,1.855,0.0866,3.0,-3.177,0
41,12890,-12.57,500,0,0,1.638,2.881,0.0796,3.0,-3.184,0
42,12895,-10.25,5,0,5,2.977,2.977,0.0795,3.0,-3.184,1
43,12904,-4.0,9,0,5,2.038,2.683,0.0793,3.0,-3.184,1
44,12934,-23.87,30,0,10,1.66,1.423,0.0788,3.0,-3.185,1
45,13434,-37.62,500,0,6,1.164,1.102,0.0743,3.0,-3.192,0
46,13448,-7.73,14,0,6,1.239,1.736,0.0741,3.0,-3.192,1
47,13453,-10.25,5,0,5,2.546,2.546,0.0741,3.0,-3.192,1
48,13953,-28.14,500,0,5,1.589,2.275,0.0709,3.0,-3.199,0
49,14453,-28.34,500,0,0,2.237,1.903,0.0691,3.0,-3.206,0
50,14953,-6.88,500,0,0,0.85,2.662,0.0692,3.0,-3.214,0
51,15002,121.37,49,1,0,0.133,2.514,0.0689,3.0,-3.214,0
52,15065,107.48,63,1,4,0.269,2.132,0.0689,3.0,-3.215,0
53,15075,0.4,10,0,5,1.374,2.465,0.0688,3.0,-3.215,1
54,15094,121.76,19,1,0,0.252,2.523,0.0686,3.0,-3.216,0
55,15105,111.18,11,1,0,0.218,1.391,0.0686,3.0,-3.216,0
56,15114,-12.8,9,0,8,2.288,2.654,0.0685,3.0,-3.216,1
57,15614,-9.04,500,0,0,0.971,2.568,0.0692,3.0,-3.223,0
58,16114,-16.1,500,0,0,0.846,1.736,0.0682,3.0,-3.23,0
59,16122,-10.78,8,0,7,1.588,1.95,0.0681,3.0,-3.23,1
60,16365,-36.01,243,0,24,1.832,2.446,0.0673,3.0,-3.234,1
61,16391,-15.03,26,0,12,0.785,1.812,0.0674,3.0,-3.234,1
62,16424,120.6,33,1,1,0.156,2.581,0.0676,3.0,-3.235,0
63,16431,110.97,7,1,0,0.291,1.423,0.0676,3.0,-3.235,0
64,16872,101.2,441,1,0,0.299,2.624,0.0677,3.0,-3.241,0
65,16901,104.26,29,1,10,0.203,2.774,0.0673,3.0,-3.241,0
66,16907,-10.49,6,0,5,2.081,2.062,0.0671,3.0,-3.242,1
67,17407,-16.17,500,0,0,1.311,2.194,0.0661,3.0,-3.249,0
68,17907,-25.12,500,0,0,1.962,1.95,0.0651,3.0,-3.256,0
69,17928,119.2,21,1,0,0.269,2.295,0.0648,3.0,-3.256,0
70,17939,-8.55,11,0,7,2.362,2.962,0.0647,3.0,-3.256,1
71,17952,123.72,13,1,0,0.259,2.696,0.0645,3.0,-3.256,0
72,18009,95.73,57,1,14,0.289,2.947,0.0643,3.0,-3.257,0
73,18030,109.97,21,1,0,0.289,1.391,0.0644,3.0,-3.258,0
74,18036,-11.08,6,0,5,2.231,2.153,0.0644,3.0,-3.258,1
75,18055,124.91,19,1,0,0.244,2.83,0.0647,3.0,-3.258,0
76,18071,113.94,16,1,0,0.262,1.736,0.0648,3.0,-3.258,0
77,18182,115.16,111,1,0,0.243,2.314,0.0647,3.0,-3.26,0
78,18682,-12.25,500,0,0,1.053,2.329,0.0681,3.0,-3.267,0
79,18824,-23.05,142,0,54,0.522,1.927,0.0675,3.0,-3.269,1
80,18836,126.35,12,1,0,0.252,2.947,0.0675,3.0,-3.269,0
81,18855,116.53,19,1,0,0.292,2.04,0.0675,3.0,-3.269,0
82,18882,123.87,27,1,0,0.248,2.77,0.0673,3.0,-3.27,0
83,19382,-40.3,500,0,12,1.4,2.27,0.0685,3.0,-3.277,0
84,19449,-21.23,67,0,20,1.57,2.782,0.0687,3.0,-3.278,1
85,19496,118.48,47,1,0,0.212,2.295,0.0682,3.0,-3.279,0
86,19538,-15.94,42,0,15,0.579,2.194,0.0679,3.0,-3.279,1
87,20038,-14.41,500,0,2,0.592,2.051,0.0684,3.0,-3.286,0
88,20104,114.18,66,1,0,0.292,2.04,0.0682,3.0,-3.287,0
89,20178,114.6,74,1,0,0.259,2.089,0.0685,3.0,-3.288,0
90,20309,119.92,131,1,0,0.3,2.947,0.0674,3.0,-3.29,0
91,20314,-10.25,5,0,5,2.391,2.391,0.0674,3.0,-3.29,1
92,20372,117.06,58,1,0,0.213,2.21,0.0675,3.0,-3.291,0
93,20384,107.14,12,1,2,0.217,1.391,0.0675,3.0,-3.291,0
94,20389,118.38,5,1,0,0.264,2.127,0.0674,3.0,-3.291,0
95,20395,-7.04,6,0,5,1.553,1.879,0.0675,3.0,-3.291,1
96,20453,-28.65,58,0,18,1.067,1.492,0.0678,3.0,-3.292,1
97,20517,108.99,64,1,0,0.281,1.5,0.0685,3.0,-3.293,0
98,20525,-0.01,8,0,5,1.567,2.607,0.0684,3.0,-3.293,1
99,21025,-8.47,500,0,0,0.602,2.255,0.0707,3.0,-3.3,0
100,21525,-29.14,500,0,0,3.147,2.733,0.0709,3.0,-3.308,0
101,21726,105.15,201,1,0,0.261,1.781,0.0711,3.0,-3.31,0
102,21732,-6.16,6,0,5,2.046,2.46,0.0709,3.0,-3.31,1
103,21753,115.58,21,1,5,0.219,2.881,0.0706,3.0,-3.311,0
104,21767,113.35,14,1,0,0.279,1.684,0.0705,3.0,-3.311,0
105,21773,114.17,6,1,0,0.27,1.717,0.0705,3.0,-3.311,0
106,21783,-7.84,10,0,7,1.434,2.1,0.0706,3.0,-3.311,1
107,21789,-6.46,6,0,5,2.454,2.838,0.0706,3.0,-3.311,1
108,21812,-21.63,23,0,6,3.442,2.594,0.0707,3.0,-3.312,1
109,21819,-6.46,7,0,5,1.982,2.372,0.0706,3.0,-3.312,1
110,21884,97.84,65,1,6,0.286,1.595,0.0711,3.0,-3.313,0
111,21907,122.41,23,1,0,0.259,2.615,0.0715,3.0,-3.313,0
112,22407,-12.59,500,0,1,1.234,2.675,0.0727,3.0,-3.32,0
113,22448,-9.95,41,0,17,0.718,2.928,0.0721,3.0,-3.321,1
114,22468,-30.05,20,0,14,1.314,1.209,0.0718,3.0,-3.321,1
115,22481,125.04,13,1,1,0.147,2.916,0.0717,3.0,-3.321,0
116,22500,108.48,19,1,2,0.28,1.622,0.0718,3.0,-3.321,0
117,22535,117.19,35,1,0,0.275,2.169,0.0721,3.0,-3.322,0
118,22545,122.65,10,1,0,0.275,2.589,0.0723,3.0,-3.322,0
119,22561,123.44,16,1,0,0.297,2.721,0.0723,3.0,-3.322,0
120,22567,-7.98,6,0,5,1.718,1.95,0.0722,3.0,-3.322,1
121,22602,122.59,35,1,0,0.295,2.729,0.0719,3.0,-3.323,0
122,22914,103.02,312,1,0,0.291,2.153,0.0724,3.0,-3.327,0
123,22920,-8.5,6,0,5,2.529,2.708,0.0724,3.0,-3.327,1
124,22981,117.9,61,1,0,0.248,2.343,0.0718,3.0,-3.328,0
125,22998,-6.74,17,0,8,1.303,2.314,0.0718,3.0,-3.329,1
126,23006,115.41,8,1,0,0.274,1.855,0.0718,3.0,-3.329,0
127,23014,2.71,8,0,5,1.447,2.758,0.0719,3.0,-3.329,1
128,23082,-21.58,68,0,18,0.813,1.996,0.0726,3.0,-3.33,1
129,23090,124.48,8,1,0,0.212,2.7,0.0727,3.0,-3.33,0
130,23095,-10.25,5,0,5,2.862,2.862,0.0727,3.0,-3.33,1
131,23104,116.6,9,1,0,0.204,1.909,0.0727,3.0,-3.33,0
132,23123,124.16,19,1,0,0.292,2.802,0.0727,3.0,-3.33,0
133,23138,113.26,15,1,0,0.249,1.65,0.0727,3.0,-3.331,0
134,23146,-9.19,8,0,6,2.473,2.794,0.0728,3.0,-3.331,1
135,23646,-8.28,500,0,0,0.887,2.559,0.0751,3.0,-3.338,0
136,23655,-6.05,9,0,7,1.271,2.111,0.0751,3.0,-3.338,1
137,23669,126.97,14,1,0,0.191,2.958,0.0747,3.0,-3.338,0
138,23686,-9.56,17,0,9,1.532,2.46,0.0746,3.0,-3.338,1
139,23696,110.01,10,1,1,0.257,1.507,0.0747,3.0,-3.339,0
140,23732,-31.23,36,0,14,1.65,1.507,0.0749,3.0,-3.339,1
141,23814,-21.91,82,0,16,1.205,2.423,0.0741,3.0,-3.34,1
142,24314,-36.04,500,0,2,3.164,2.46,0.0736,3.0,-3.347,0
143,24322,126.93,8,1,0,0.194,2.928,0.0735,3.0,-3.347,0
144,24340,119.93,18,1,1,0.289,2.572,0.0734,3.0,-3.348,0
145,24354,4.35,14,0,5,0.843,2.348,0.0733,3.0,-3.348,1
146,24359,-10.25,5,0,5,1.831,1.831,0.0733,3.0,-3.348,1
147,24859,-15.3,500,0,0,1.214,2.184,0.0736,3.0,-3.355,0
148,24937,-35.71,78,0,22,2.868,2.687,0.073,3.0,-3.356,1
149,24959,117.3,22,1,3,0.28,2.721,0.0728,3.0,-3.357,0
150,24969,-7.65,10,0,7,1.816,2.501,0.0727,3.0,-3.357,1
151,24987,126.51,18,1,0,0.187,2.928,0.0727,3.0,-3.357,0
152,24992,-10.25,5,0,5,2.329,2.329,0.0727,3.0,-3.357,1
153,25492,-46.16,500,0,20,1.043,1.927,0.0723,3.0,-3.364,0
154,25519,120.68,27,1,0,0.293,2.496,0.0717,3.0,-3.365,0
155,25541,126.48,22,1,0,0.185,2.943,0.0709,3.0,-3.365,0
156,25935,-41.9,394,0,30,1.176,1.956,0.0711,3.0,-3.37,1
157,25983,122.36,48,1,0,0.253,2.729,0.0708,3.0,-3.371,0
158,26000,121.65,17,1,0,0.296,2.546,0.0706,3.0,-3.371,0
159,26052,117.93,52,1,0,0.276,2.329,0.0695,3.0,-3.372,0
160,26080,-18.36,28,0,14,1.315,2.419,0.0693,3.0,-3.373,1
161,26088,110.4,8,1,3,0.264,1.944,0.0693,3.0,-3.373,0
162,26105,120.8,17,1,0,0.286,2.451,0.0695,3.0,-3.373,0
163,26117,126.73,12,1,0,0.259,2.992,0.0695,3.0,-3.373,0
164,26136,-33.15,19,0,13,2.476,1.855,0.0696,3.0,-3.373,1
165,26146,6.47,10,0,5,1.011,2.708,0.0695,3.0,-3.374,1
166,26646,-54.28,500,0,11,1.974,1.246,0.07,3.0,-3.381,0
167,27146,-48.15,500,0,0,5.089,2.774,0.0702,3.0,-3.388,0
168,27240,-14.55,94,0,33,0.932,2.947,0.0707,3.0,-3.389,1
169,27251,125.61,11,1,0,0.234,2.85,0.0708,3.0,-3.389,0
170,27267,124.92,16,1,0,0.25,2.822,0.0708,3.0,-3.39,0
171,27271,115.1,4,1,0,0.282,1.812,0.0708,3.0,-3.39,0
172,27280,-11.57,9,0,7,1.543,1.831,0.0707,3.0,-3.39,1
173,27780,-22.55,500,0,0,1.511,1.756,0.07,3.0,-3.397,0
174,27786,-12.74,6,0,5,2.587,2.343,0.0699,3.0,-3.397,1
175,27799,112.69,13,1,4,0.281,2.414,0.0701,3.0,-3.397,0
176,27804,113.63,5,1,0,0.058,1.447,0.0702,3.0,-3.397,0
177,27817,123.81,13,1,1,0.192,2.838,0.0702,3.0,-3.397,0
178,27822,-10.25,5,0,5,1.677,1.677,0.0701,3.0,-3.397,1
179,28042,-26.02,220,0,32,1.391,2.889,0.071,3.0,-3.401,1
180,28049,-3.74,7,0,5,1.312,1.973,0.071,3.0,-3.401,1
181,28060,122.2,11,1,0,0.28,2.554,0.071,3.0,-3.401,0
182,28066,-5.92,6,0,5,2.455,2.893,0.071,3.0,-3.401,1
183,28090,109.07,24,1,4,0.3,2.127,0.0711,3.0,-3.401,0
184,28100,112.43,10,1,2,0.269,1.962,0.0712,3.0,-3.401,0
185,28106,-6.58,6,0,5,1.39,1.762,0.0712,3.0,-3.402,1
186,28118,123.39,12,1,0,0.255,2.654,0.0713,3.0,-3.402,0
187,28136,119.22,18,1,0,0.253,2.265,0.0715,3.0,-3.402,0
188,28148,117.98,12,1,0,0.295,2.153,0.0714,3.0,-3.402,0
189,28648,-34.78,500,0,5,2.083,2.105,0.0705,3.0,-3.409,0
190,28682,115.85,34,1,0,0.224,1.979,0.0702,3.0,-3.41,0
191,28689,118.73,7,1,0,0.297,2.205,0.0701,3.0,-3.41,0
192,28725,125.13,36,1,0,0.227,2.92,0.0701,3.0,-3.41,0
193,28735,5.2,10,0,5,1.331,2.901,0.0702,3.0,-3.41,1
194,28745,125.77,10,1,0,0.223,2.85,0.0704,3.0,-3.411,0
195,28767,-4.43,22,0,10,0.704,2.372,0.0705,3.0,-3.411,1
196,28777,-9.43,10,0,5,2.556,2.662,0.0705,3.0,-3.411,1
197,28787,-12.9,10,0,8,0.763,1.122,0.0706,3.0,-3.411,1
198,28792,-10.25,5,0,5,2.04,2.04,0.0707,3.0,-3.411,1
199,28803,113.53,11,1,2,0.281,2.089,0.0708,3.0,-3.411,0
200,28812,115.93,9,1,0,0.2,1.837,0.0707,3.0,-3.412,0
201,29312,-8.8,500,0,0,0.679,2.299,0.0704,3.0,-3.419,0
202,29316,115.19,4,1,0,0.223,1.762,0.0703,3.0,-3.419,0
203,29692,-20.06,376,0,12,0.673,2.947,0.0705,3.0,-3.424,1
204,29734,97.08,42,1,10,0.287,2.205,0.0701,3.0,-3.425,0
205,30234,-2.81,500,0,0,0.773,2.992,0.0703,3.0,-3.432,0
206,30249,-14.61,15,0,10,2.073,2.687,0.0702,3.0,-3.432,1
207,30258,-8.2,9,0,7,2.181,2.806,0.07,3.0,-3.432,1
208,30283,119.69,25,1,0,0.235,2.329,0.069,3.0,-3.433,0
209,30295,117.47,12,1,0,0.298,2.105,0.0688,3.0,-3.433,0
210,30629,-57.93,334,0,30,3.844,2.721,0.0678,3.0,-3.438,1
211,30640,124.53,11,1,0,0.213,2.721,0.0678,3.0,-3.438,0
212,30652,122.74,12,1,1,0.269,2.802,0.0678,3.0,-3.438,0
213,30658,-7.26,6,0,5,1.675,1.979,0.0679,3.0,-3.438,1
214,30672,-1.31,14,0,6,1.009,2.148,0.068,3.0,-3.438,1
215,30682,122.53,10,1,0,0.265,2.568,0.0681,3.0,-3.438,0
216,30694,125.0,12,1,0,0.29,2.85,0.0681,3.0,-3.438,0
217,30739,111.65,45,1,0,0.253,1.643,0.068,3.0,-3.439,0
218,30746,119.94,7,1,0,0.145,2.174,0.068,3.0,-3.439,0
219,30767,-19.89,21,0,11,1.161,1.477,0.0681,3.0,-3.44,1
220,30775,126.97,8,1,0,0.225,2.962,0.0682,3.0,-3.44,0
221,30803,-7.17,28,0,5,2.0,2.423,0.0682,3.0,-3.44,1
222,30813,-15.34,10,0,9,1.934,2.25,0.0681,3.0,-3.44,1
223,31313,-30.79,500,0,0,3.271,2.692,0.068,3.0,-3.447,0
224,31323,114.46,10,1,0,0.266,1.762,0.0679,3.0,-3.447,0
225,31332,127.2,9,1,0,0.081,2.846,0.0677,3.0,-3.448,0
226,31341,-5.62,9,0,5,1.893,2.376,0.0676,3.0,-3.448,1
227,31349,-8.66,8,0,6,1.457,1.831,0.0677,3.0,-3.448,1
228,31360,2.27,11,0,6,0.923,2.405,0.0676,3.0,-3.448,1
229,31387,122.33,27,1,0,0.295,2.662,0.0674,3.0,-3.448,0
230,31399,123.0,12,1,0,0.243,2.602,0.0671,3.0,-3.449,0
231,31407,116.97,8,1,0,0.259,1.996,0.067,3.0,-3.449,0
232,31802,79.07,395,1,9,0.286,1.967,0.0686,3.0,-3.454,0
233,31846,-4.83,44,0,9,0.693,2.23,0.0682,3.0,-3.455,1
234,31855,126.88,9,1,0,0.259,2.992,0.0682,3.0,-3.455,0
235,31864,-1.65,9,0,5,1.258,2.137,0.0683,3.0,-3.455,1
236,32104,97.98,240,1,7,0.187,2.585,0.0685,3.0,-3.459,0
237,32113,123.94,9,1,0,0.261,2.7,0.0683,3.0,-3.459,0
238,32613,-26.64,500,0,1,2.934,2.97,0.0701,3.0,-3.466,0
239,32729,-28.97,116,0,22,2.086,2.77,0.0691,3.0,-3.468,1
240,32759,-4.51,30,0,12,0.343,2.442,0.0688,3.0,-3.468,1
241,32919,-118.43,160,0,61,10.829,2.786,0.0692,3.0,-3.47,1
242,32931,6.38,12,0,5,1.203,2.901,0.0691,3.0,-3.47,1
243,32937,122.99,6,1,0,0.221,2.55,0.069,3.0,-3.471,0
244,32943,-6.13,6,0,5,2.353,2.77,0.069,3.0,-3.471,1
245,32951,123.76,8,1,0,0.242,2.658,0.0689,3.0,-3.471,0
246,33008,123.33,57,1,0,0.236,2.854,0.0693,3.0,-3.472,0
247,33072,-22.52,64,0,23,1.825,2.893,0.0699,3.0,-3.472,1
248,33265,-57.78,193,0,9,5.288,2.275,0.0707,3.0,-3.475,1
249,33272,123.46,7,1,0,0.191,2.572,0.0707,3.0,-3.475,0
250,33772,-28.66,500,0,2,1.589,1.622,0.0693,3.0,-3.482,0
251,34272,-47.65,500,0,86,1.604,2.338,0.068,3.0,-3.49,0
252,34282,114.73,10,1,0,0.214,1.736,0.0679,3.0,-3.49,0
253,34296,116.73,14,1,0,0.297,2.04,0.0678,3.0,-3.49,0
254,34530,-36.54,234,0,24,0.907,1.423,0.0667,3.0,-3.493,1
255,34548,1.39,18,0,8,0.406,2.235,0.0665,3.0,-3.494,1
256,34554,121.11,6,1,0,0.23,2.372,0.0664,3.0,-3.494,0
257,34562,114.52,8,1,0,0.185,1.677,0.0663,3.0,-3.494,0
258,34568,109.66,6,1,0,0.222,1.219,0.0662,3.0,-3.494,0
259,34574,120.7,6,1,0,0.253,2.353,0.0661,3.0,-3.494,0
260,34580,119.15,6,1,0,0.144,2.089,0.066,3.0,-3.494,0
261,34588,-9.54,8,0,6,1.251,1.537,0.066,3.0,-3.494,1
262,34597,4.67,9,0,5,1.003,2.514,0.066,3.0,-3.494,1
263,34633,122.38,36,1,0,0.274,2.692,0.0661,3.0,-3.495,0
264,34636,110.07,3,1,0,0.277,1.299,0.0661,3.0,-3.495,0
265,34644,121.78,8,1,0,0.274,2.492,0.0662,3.0,-3.495,0
266,34656,-1.73,12,0,5,1.159,2.046,0.0662,3.0,-3.495,1
267,35026,68.16,370,1,18,0.29,1.956,0.067,3.0,-3.5,0
268,35060,118.8,34,1,0,0.22,2.27,0.0669,3.0,-3.501,0
269,35065,114.89,5,1,0,0.267,1.781,0.0669,3.0,-3.501,0
270,35082,-14.76,17,0,8,1.96,2.169,0.0669,3.0,-3.501,1
271,35155,121.99,73,1,0,0.298,2.862,0.0669,3.0,-3.502,0
272,35160,114.88,5,1,0,0.165,1.677,0.0669,3.0,-3.502,0
273,35660,-38.04,500,0,8,2.681,2.977,0.0671,3.0,-3.509,0
274,35679,-5.16,19,0,5,2.092,2.671,0.0672,3.0,-3.51,1
275,35698,111.1,19,1,4,0.289,2.295,0.0671,3.0,-3.51,0
276,35713,114.13,15,1,4,0.135,2.423,0.0669,3.0,-3.51,0
277,35717,110.14,4,1,0,0.137,1.172,0.0669,3.0,-3.51,0
278,35725,1.87,8,0,5,1.591,2.818,0.0668,3.0,-3.51,1
279,35738,122.6,13,1,0,0.273,2.598,0.0668,3.0,-3.511,0
280,35747,112.75,9,1,2,0.225,1.944,0.0668,3.0,-3.511,0
281,35761,112.13,14,1,6,0.287,2.77,0.0667,3.0,-3.511,0
282,36082,110.67,321,1,0,0.29,2.962,0.0674,3.0,-3.515,0
283,36116,111.14,34,1,2,0.289,1.973,0.0669,3.0,-3.516,0
284,36120,107.9,4,1,0,0.261,1.071,0.0669,3.0,-3.516,0
285,36147,120.51,27,1,0,0.232,2.419,0.0667,3.0,-3.516,0
286,36155,122.94,8,1,0,0.158,2.492,0.0665,3.0,-3.516,0
287,36165,119.37,10,1,0,0.263,2.25,0.0663,3.0,-3.517,0
288,36174,126.45,9,1,0,0.211,2.901,0.0663,3.0,-3.517,0
289,36179,110.22,5,1,0,0.235,1.282,0.0662,3.0,-3.517,0
290,36223,-81.28,44,0,10,8.046,2.137,0.0661,3.0,-3.517,1
291,36235,126.32,12,1,0,0.267,2.958,0.0661,3.24,-3.518,0
292,36248,123.52,13,1,0,0.291,2.708,0.0661,3.24,-3.518,0
293,36259,114.84,11,1,0,0.216,1.756,0.066,3.24,-3.518,0
294,36415,-52.08,156,0,26,4.417,2.989,0.0659,3.24,-3.52,1
295,36758,-36.78,343,0,29,0.378,1.415,0.0671,3.24,-3.525,1
296,36774,122.11,16,1,0,0.187,2.478,0.0671,3.24,-3.525,0
297,36781,122.14,7,1,0,0.261,2.51,0.067,3.24,-3.525,0
298,36790,123.83,9,1,0,0.23,2.658,0.067,3.24,-3.526,0
299,36794,108.32,4,1,0,0.271,1.122,0.067,3.24,-3.526,0
300,36804,119.8,10,1,0,0.265,2.295,0.0668,3.24,-3.526,0
301,36813,124.64,9,1,1,0.284,2.992,0.0666,3.5,-3.526,0
302,36818,113.22,5,1,1,0.215,1.762,0.0665,3.5,-3.526,0
303,36823,117.37,5,1,0,0.278,2.04,0.0665,3.5,-3.526,0
304,36850,129.49,27,1,0,0.3,3.384,0.0666,3.5,-3.526,0
305,37350,-20.26,500,0,0,2.53,3.004,0.0669,3.5,-3.534,0
306,37358,-1.22,8,0,5,0.611,1.53,0.067,3.5,-3.534,1
307,37414,112.74,56,1,2,0.276,2.23,0.067,3.5,-3.534,0
308,37426,127.24,12,1,0,0.294,3.078,0.067,3.5,-3.535,0
309,37436,129.09,10,1,0,0.223,3.182,0.067,3.5,-3.535,0
310,37459,116.22,23,1,3,0.195,2.532,0.0672,3.5,-3.535,0
311,37537,-12.61,78,0,27,0.385,2.514,0.0671,3.78,-3.536,1
312,38037,-41.28,500,0,4,3.247,2.419,0.0663,3.78,-3.543,0
313,38070,-66.07,33,0,10,7.638,3.196,0.0668,3.78,-3.544,1
314,38215,-0.82,145,0,13,0.413,3.656,0.067,3.78,-3.546,1
315,38228,4.49,13,0,6,0.581,2.295,0.067,3.78,-3.546,1
316,38247,127.71,19,1,0,0.288,3.154,0.0671,3.78,-3.546,0
317,38322,114.57,75,1,8,0.211,3.643,0.0672,3.78,-3.547,0
318,38333,130.71,11,1,0,0.275,3.401,0.0673,3.78,-3.548,0
319,38833,-16.24,500,0,1,1.295,2.372,0.0667,3.78,-3.555,0
320,38840,-2.94,7,0,5,2.384,3.125,0.0666,3.78,-3.555,1
321,38854,123.24,14,1,0,0.242,2.637,0.0666,4.08,-3.555,0
322,38863,131.41,9,1,0,0.271,3.457,0.0666,4.08,-3.555,0
323,38876,6.66,13,0,5,0.793,2.523,0.0666,4.08,-3.555,1
324,38887,130.65,11,1,0,0.156,3.276,0.0666,4.08,-3.556,0
325,38891,111.09,4,1,0,0.237,1.367,0.0666,4.08,-3.556,0
326,38996,-38.01,105,0,31,4.292,4.017,0.0662,4.08,-3.557,1
327,39002,116.88,6,1,0,0.261,1.979,0.0662,4.08,-3.557,0
328,39021,-17.67,19,0,14,2.752,3.88,0.0661,4.08,-3.557,1
329,39046,127.61,25,1,0,0.264,3.15,0.0659,4.08,-3.558,0
330,39065,135.57,19,1,0,0.219,3.871,0.0657,4.08,-3.558,0
331,39075,135.49,10,1,0,0.237,3.836,0.0657,4.41,-3.558,0
332,39542,-38.52,467,0,40,2.836,4.319,0.0667,4.41,-3.565,1
333,39552,138.45,10,1,0,0.221,4.116,0.0668,4.41,-3.565,0
334,39575,5.17,23,0,11,1.025,3.856,0.0666,4.41,-3.565,1
335,39584,127.0,9,1,0,0.293,3.037,0.0666,4.41,-3.565,0
336,39603,-7.79,19,0,10,2.589,3.906,0.0666,4.41,-3.566,1
337,39686,-19.56,83,0,22,0.328,1.787,0.0671,4.41,-3.567,1
338,39754,-11.96,68,0,26,1.819,3.963,0.0673,4.41,-3.568,1
339,40104,-46.76,350,0,50,3.998,4.072,0.0683,4.41,-3.573,1
340,40119,12.84,15,0,5,0.917,3.276,0.0682,4.41,-3.573,1
341,40134,18.93,15,0,5,0.877,3.845,0.0683,4.41,-3.573,1
342,40155,-1.7,21,0,5,1.684,2.62,0.0686,4.41,-3.574,1
343,40174,105.17,19,1,4,0.146,1.559,0.0686,4.41,-3.574,0
344,40179,117.26,5,1,0,0.295,2.046,0.0686,4.41,-3.574,0
345,40215,-42.63,36,0,9,6.443,4.16,0.0688,4.41,-3.575,1
346,40239,22.32,24,0,6,0.707,4.259,0.0688,4.41,-3.575,1
347,40257,-2.91,18,0,9,2.563,4.162,0.0686,4.41,-3.575,1
348,40269,-0.59,12,0,6,2.39,3.591,0.0684,4.41,-3.575,1
349,40311,0.46,42,0,7,2.141,3.798,0.0687,4.41,-3.576,1
350,40331,131.01,20,1,4,0.276,4.277,0.0688,4.41,-3.576,0
351,40547,-28.6,216,0,15,2.282,3.502,0.0662,4.41,-3.579,1
352,40559,-2.59,12,0,6,2.134,3.136,0.0662,4.41,-3.579,1
353,40565,-11.78,6,0,5,2.716,2.568,0.0661,4.41,-3.579,1
354,40574,128.38,9,1,0,0.241,3.125,0.0659,4.41,-3.58,0
355,40598,5.09,24,0,8,1.598,3.827,0.0659,4.41,-3.58,1
356,40638,-31.75,40,0,12,4.561,3.986,0.0657,4.41,-3.581,1
357,41031,111.64,393,1,0,0.279,3.407,0.0652,4.41,-3.586,0
358,41060,-29.87,29,0,7,5.192,3.75,0.0646,4.41,-3.587,1
359,41067,-4.1,7,0,5,1.206,1.831,0.0645,4.41,-3.587,1
360,41077,6.23,10,0,5,0.75,2.423,0.0643,4.41,-3.587,1
361,41111,-15.31,34,0,5,2.167,1.806,0.0643,4.41,-3.587,1
362,41123,-21.08,12,0,7,4.292,3.643,0.0642,4.41,-3.587,1
363,41136,133.36,13,1,0,0.276,3.677,0.0643,4.41,-3.588,0
364,41212,126.02,76,1,0,0.294,3.276,0.0645,4.41,-3.589,0
365,41564,-30.2,352,0,9,3.125,3.665,0.0652,4.41,-3.594,1
366,41567,108.93,3,1,0,0.273,1.181,0.0652,4.41,-3.594,0
367,41573,124.31,6,1,0,0.247,2.708,0.0651,4.41,-3.594,0
368,42073,-31.05,500,0,55,1.895,4.29,0.0656,4.41,-3.601,0
369,42126,136.45,53,1,0,0.252,4.162,0.0659,4.41,-3.602,0
370,42140,0.88,14,0,6,2.845,4.203,0.0659,4.41,-3.602,1
371,42320,-12.35,180,0,27,0.978,3.643,0.0666,4.41,-3.605,1
372,42349,3.47,29,0,7,1.273,3.164,0.0664,4.41,-3.605,1
373,42849,-19.74,500,0,4,1.696,3.022,0.0665,4.41,-3.612,0
374,42858,1.05,9,0,5,1.913,3.063,0.0664,4.41,-3.612,1
375,42885,134.21,27,1,1,0.294,4.05,0.0661,4.41,-3.613,0
376,42905,18.37,20,0,5,0.539,3.476,0.0658,4.41,-3.613,1
377,42941,127.19,36,1,3,0.211,3.711,0.0658,4.41,-3.613,0
378,42965,127.48,24,1,0,0.282,3.15,0.0659,4.41,-3.614,0
379,43465,-27.68,500,0,36,0.708,3.44,0.0671,4.41,-3.621,0
380,43496,0.4,31,0,11,0.683,3.078,0.0668,4.41,-3.621,1
381,43529,135.27,33,1,1,0.268,4.16,0.0666,4.41,-3.622,0
382,43560,119.37,31,1,1,0.24,2.532,0.0664,4.41,-3.622,0
383,43575,131.5,15,1,0,0.241,3.466,0.0662,4.41,-3.623,0
384,43599,117.92,24,1,0,0.298,2.21,0.0662,4.41,-3.623,0
385,43610,140.06,11,1,0,0.24,4.301,0.0662,4.41,-3.623,0
386,43618,130.09,8,1,0,0.255,3.303,0.0662,4.41,-3.623,0
387,43871,-39.29,253,0,46,3.283,3.619,0.0668,4.41,-3.627,1
388,44078,99.85,207,1,17,0.291,4.311,0.0677,4.41,-3.63,0
389,44083,123.74,5,1,0,0.199,2.598,0.0677,4.41,-3.63,0
390,44097,14.04,14,0,5,1.377,3.851,0.0677,4.41,-3.63,1
391,44105,122.05,8,1,0,0.088,2.333,0.0677,4.41,-3.63,0
392,44111,114.68,6,1,0,0.258,1.756,0.0676,4.41,-3.63,0
393,44124,128.19,13,1,0,0.19,3.074,0.0674,4.41,-3.63,0
394,44624,-37.67,500,0,35,1.574,3.307,0.0697,4.41,-3.637,0
395,44934,-35.14,310,0,14,3.454,4.29,0.0691,4.41,-3.642,1
396,44954,120.48,20,1,0,0.275,2.423,0.0691,4.41,-3.642,0
397,45454,-13.58,500,0,0,0.46,1.602,0.0694,4.41,-3.649,0
398,45464,-17.07,10,0,6,3.45,2.992,0.0693,4.41,-3.649,1
399,45473,126.27,9,1,0,0.178,2.85,0.0692,4.41,-3.65,0
400,45973,-11.95,500,0,9,0.934,4.039,0.0692,4.41,-3.657,0
401,45985,130.25,12,1,0,0.259,3.344,0.0671,4.41,-3.657,0
402,46009,125.3,24,1,6,0.147,3.997,0.0663,4.41,-3.657,0
403,46025,-2.21,16,0,5,3.408,4.266,0.0657,4.41,-3.657,1
404,46031,117.44,6,1,0,0.199,1.973,0.0654,4.41,-3.658,0
405,46052,20.88,21,0,6,0.759,4.152,0.0644,4.41,-3.658,1
406,46076,14.84,24,0,9,0.668,4.072,0.0636,4.41,-3.658,1
407,46087,-1.88,11,0,6,1.88,2.947,0.0632,4.41,-3.658,1
408,46101,134.32,14,1,0,0.26,3.762,0.063,4.41,-3.659,0
409,46143,-14.67,42,0,11,2.52,3.463,0.0623,4.41,-3.659,1
410,46152,133.87,9,1,0,0.23,3.662,0.0622,4.41,-3.659,0
411,46165,17.22,13,0,5,1.375,4.162,0.0621,4.41,-3.659,1
412,46180,127.16,15,1,0,0.171,2.962,0.0621,4.41,-3.66,0
413,46212,127.82,32,1,0,0.279,3.221,0.0621,4.41,-3.66,0
414,46381,-12.64,169,0,9,0.957,2.338,0.0619,4.41,-3.663,1
415,46401,-6.49,20,0,11,1.983,3.634,0.0618,4.41,-3.663,1
416,46901,-44.61,500,0,70,2.157,3.196,0.0623,4.41,-3.67,0
417,46913,129.89,12,1,1,0.188,3.437,0.0623,4.41,-3.67,0
418,46928,136.26,15,1,0,0.158,3.859,0.0623,4.41,-3.67,0
419,47140,123.05,212,1,3,0.221,4.187,0.0632,4.41,-3.673,0
420,47640,-65.18,500,0,12,4.212,2.594,0.0643,4.41,-3.681,0
421,47690,-6.32,50,0,11,2.387,4.205,0.0643,4.41,-3.681,1
422,47701,127.22,11,1,1,0.212,3.189,0.0642,4.41,-3.681,0
423,47714,128.02,13,1,1,0.122,3.189,0.0642,4.41,-3.682,0
424,48214,-37.37,500,0,0,4.119,2.881,0.0661,4.41,-3.689,0
425,48219,-10.25,5,0,5,3.836,3.836,0.0661,4.41,-3.689,1
426,48230,137.68,11,1,0,0.285,4.108,0.0661,4.41,-3.689,0
427,48244,137.75,14,1,0,0.241,4.086,0.0663,4.41,-3.689,0
428,48268,121.54,24,1,1,0.296,2.77,0.0664,4.41,-3.69,0
429,48284,127.81,16,1,0,0.235,3.096,0.0666,4.41,-3.69,0
430,48290,-8.65,6,0,5,1.558,1.723,0.0666,4.41,-3.69,1
431,48305,139.91,15,1,0,0.294,4.36,0.0665,4.41,-3.69,0
432,48324,-9.74,19,0,7,3.241,3.762,0.0665,4.41,-3.69,1
433,48337,135.43,13,1,0,0.204,3.812,0.0665,4.41,-3.691,0
434,48350,-5.37,13,0,7,2.561,3.489,0.0665,4.41,-3.691,1
435,48850,-15.3,500,0,2,1.766,3.136,0.0661,4.41,-3.698,0
436,48853,113.64,3,1,0,0.271,1.65,0.0661,4.41,-3.698,0
437,48919,-13.18,66,0,21,0.877,2.889,0.0649,4.41,-3.699,1
438,48941,138.9,22,1,0,0.208,4.208,0.0649,4.41,-3.699,0
439,49441,-11.82,500,0,0,2.42,3.738,0.0634,4.41,-3.706,0
440,49586,125.54,145,1,0,0.226,3.505,0.0624,4.41,-3.708,0
441,50086,-13.36,500,0,0,3.017,4.181,0.0621,4.41,-3.716,0
442,50098,138.53,12,1,0,0.292,4.205,0.0622,4.41,-3.716,0
443,50162,-24.74,64,0,6,4.378,3.424,0.0621,4.41,-3.717,1
444,50198,126.81,36,1,0,0.289,3.15,0.0624,4.41,-3.717,0
445,50207,-0.45,9,0,5,1.464,2.465,0.0625,4.41,-3.717,1
446,50224,137.15,17,1,0,0.186,3.986,0.0624,4.41,-3.717,0
447,50236,135.91,12,1,0,0.297,3.949,0.0623,4.41,-3.718,0
448,50388,-2.16,152,0,8,0.897,3.041,0.0628,4.41,-3.72,1
449,50397,130.65,9,1,0,0.224,3.334,0.0628,4.41,-3.72,0
450,50415,122.76,18,1,2,0.185,2.951,0.0629,4.41,-3.72,0
451,50433,140.45,18,1,0,0.123,4.259,0.0631,4.41,-3.72,0
452,50482,131.33,49,1,4,0.159,4.337,0.0633,4.41,-3.721,0
453,50536,123.27,54,1,5,0.189,3.786,0.0633,4.41,-3.722,0
454,50552,136.15,16,1,0,0.176,3.871,0.0633,4.41,-3.722,0
455,50571,127.19,19,1,4,0.228,3.842,0.0631,4.41,-3.722,0
456,50586,125.21,15,1,1,0.296,3.092,0.063,4.41,-3.723,0
457,50661,-16.62,75,0,14,1.491,3.004,0.0629,4.41,-3.724,1
458,51161,-40.5,500,0,6,4.449,4.1,0.064,4.41,-3.731,0
459,51247,2.17,86,0,8,1.747,3.994,0.064,4.41,-3.732,1
460,51251,109.58,4,1,0,0.24,1.219,0.064,4.41,-3.732,0
461,51266,131.69,15,1,0,0.248,3.492,0.0641,4.41,-3.732,0
462,51278,138.46,12,1,1,0.107,4.213,0.064,4.41,-3.733,0
463,51298,-33.25,20,0,6,5.718,3.693,0.0639,4.41,-3.733,1
464,51317,123.98,19,1,1,0.254,2.947,0.0639,4.41,-3.733,0
465,51328,-13.58,11,0,6,4.361,4.259,0.0639,4.41,-3.733,1
466,51828,-31.12,500,0,3,3.72,3.708,0.0661,4.41,-3.74,0
467,51921,-15.98,93,0,21,2.368,4.235,0.0658,4.41,-3.742,1
468,51933,141.09,12,1,0,0.222,4.391,0.0658,4.41,-3.742,0
469,52385,-70.11,452,0,50,4.345,2.594,0.0652,4.41,-3.748,1
470,52787,-28.94,402,0,21,0.47,2.585,0.0656,4.41,-3.754,1
471,52803,136.9,16,1,0,0.168,3.937,0.0655,4.41,-3.754,0
472,52818,15.08,15,0,6,0.627,3.411,0.0653,4.41,-3.755,1
473,52828,115.16,10,1,2,0.166,2.132,0.0652,4.41,-3.755,0
474,52851,7.56,23,0,9,0.713,3.384,0.065,4.41,-3.755,1
475,52884,105.63,33,1,2,0.09,1.219,0.0651,4.41,-3.755,0
476,53384,-14.83,500,0,0,3.336,4.353,0.0647,4.41,-3.763,0
477,53884,-60.6,500,0,8,5.772,3.812,0.0634,4.41,-3.77,0
478,53896,127.72,12,1,0,0.293,3.125,0.0635,4.41,-3.77,0
479,53926,110.54,30,1,0,0.219,1.423,0.0635,4.41,-3.77,0
480,53977,132.99,51,1,0,0.208,3.762,0.0637,4.41,-3.771,0
481,53989,136.86,12,1,0,0.273,4.019,0.0638,4.41,-3.771,0
482,54002,-3.82,13,0,7,1.4,2.483,0.0638,4.41,-3.771,1
483,54024,127.69,22,1,0,0.242,3.121,0.0636,4.41,-3.772,0
484,54524,-12.61,500,0,0,0.688,1.927,0.0637,4.41,-3.779,0
485,54546,128.81,22,1,1,0.163,3.354,0.0634,4.41,-3.779,0
486,54552,119.83,6,1,0,0.15,2.163,0.0633,4.41,-3.779,0
487,54582,-74.24,30,0,16,8.665,4.391,0.0626,4.41,-3.78,1
488,54763,-14.08,181,0,24,1.692,4.189,0.0625,4.41,-3.782,1
489,54809,5.03,46,0,7,0.798,2.932,0.0625,4.41,-3.783,1
490,54817,-10.01,8,0,6,3.977,4.216,0.0625,4.41,-3.783,1
491,54825,-6.66,8,0,6,3.457,4.031,0.0625,4.41,-3.783,1
492,54836,120.6,11,1,0,0.14,2.255,0.0626,4.41,-3.783,0
493,55336,-3.64,500,0,3,0.717,3.453,0.0619,4.41,-3.791,0
494,55346,131.42,10,1,0,0.216,3.407,0.0619,4.41,-3.791,0
495,55359,123.72,13,1,2,0.182,3.019,0.0618,4.41,-3.791,0
496,55366,127.22,7,1,0,0.228,2.985,0.0617,4.41,-3.791,0
497,55376,9.07,10,0,5,0.641,2.598,0.0615,4.41,-3.791,1
498,55876,-43.84,500,0,1,5.678,3.994,0.0616,4.41,-3.798,0
499,56111,-19.04,235,0,52,0.523,2.794,0.0603,4.41,-3.802,1
500,56119,128.31,8,1,1,0.229,3.3,0.0602,4.41,-3.802,0
501,56137,123.41,18,1,1,0.255,2.885,0.0603,4.41,-3.802,0
502,56226,-3.55,89,0,6,2.279,3.569,0.0595,4.41,-3.803,1
503,56233,124.72,7,1,0,0.202,2.708,0.0594,4.41,-3.803,0
504,56247,13.92,14,0,5,1.081,3.543,0.0594,4.41,-3.804,1
505,56253,122.77,6,1,0,0.172,2.478,0.0594,4.41,-3.804,0
506,56256,109.73,3,1,0,0.114,1.102,0.0594,4.41,-3.804,0
507,56756,-28.01,500,0,61,0.869,3.569,0.0604,4.41,-3.811,0
508,56781,-25.57,25,0,6,4.973,3.741,0.0604,4.41,-3.811,1
509,57281,-11.35,500,0,6,1.42,3.986,0.0612,4.41,-3.818,0
510,57290,117.27,9,1,0,0.241,2.012,0.0612,4.41,-3.818,0
511,57300,129.06,10,1,0,0.096,3.052,0.067,4.41,-3.819,0
512,57310,133.79,10,1,0,0.279,3.708,0.0667,4.41,-3.819,0
513,57330,-8.88,20,0,7,1.525,2.137,0.0657,4.41,-3.819,1
514,57345,16.67,15,0,5,1.439,4.181,0.0648,4.41,-3.819,1
515,57411,-13.1,66,0,14,2.582,4.401,0.0619,4.41,-3.82,1
516,57911,-26.28,500,0,14,0.909,3.581,0.0567,4.41,-3.827,0
517,57925,129.65,14,1,0,0.299,3.334,0.0567,4.41,-3.827,0
518,57973,125.74,48,1,0,0.16,2.974,0.0565,4.41,-3.828,0
519,57981,-12.6,8,0,5,2.404,2.184,0.0565,4.41,-3.828,1
520,58073,-31.15,92,0,14,3.47,3.616,0.0571,4.41,-3.83,1
521,58099,-28.99,26,0,6,4.983,3.414,0.0572,4.41,-3.83,1
522,58189,113.48,90,1,0,0.264,2.062,0.0579,4.41,-3.831,0
523,58203,134.73,14,1,0,0.258,3.801,0.0579,4.41,-3.831,0
524,58213,-0.58,10,0,5,2.338,3.331,0.0579,4.41,-3.832,1
525,58713,-20.98,500,0,0,3.321,3.723,0.0587,4.41,-3.839,0
526,58722,135.34,9,1,0,0.28,3.859,0.0587,4.41,-3.839,0
527,58728,130.04,6,1,0,0.173,3.207,0.0588,4.41,-3.839,0
528,58749,132.94,21,1,2,0.273,4.072,0.0588,4.41,-3.839,0
529,58898,-9.25,149,0,13,1.764,4.184,0.0588,4.41,-3.841,1
530,58938,122.93,40,1,0,0.236,2.729,0.0588,4.41,-3.842,0
531,59131,-8.87,193,0,10,1.772,3.851,0.0592,4.41,-3.845,1
532,59139,129.36,8,1,0,0.245,3.221,0.0592,4.41,-3.845,0
533,59162,-6.28,23,0,6,3.611,4.298,0.0588,4.41,-3.845,1
534,59168,-9.18,6,0,5,3.817,3.929,0.0588,4.41,-3.845,1
535,59179,136.21,11,1,0,0.267,3.943,0.0589,4.41,-3.845,0
536,59233,-19.12,54,0,8,4.418,4.376,0.0591,4.41,-3.846,1
537,59247,-20.06,14,0,5,4.766,3.83,0.059,4.41,-3.846,1
538,59252,-10.25,5,0,5,3.214,3.214,0.059,4.41,-3.846,1
539,59752,-56.03,500,0,11,3.866,2.962,0.0592,4.41,-3.854,0
540,59780,129.31,28,1,0,0.167,3.238,0.059,4.41,-3.854,0
541,59816,137.34,36,1,0,0.169,4.083,0.0588,4.41,-3.855,0
542,59849,138.86,33,1,0,0.284,4.334,0.059,4.41,-3.855,0
543,59909,130.53,60,1,2,0.083,3.836,0.0589,4.41,-3.856,0
544,59921,139.17,12,1,0,0.215,4.192,0.059,4.41,-3.856,0
545,60421,-20.92,500,0,2,3.211,4.019,0.0588,4.41,-3.863,0
546,60439,136.44,18,1,1,0.293,4.227,0.059,4.41,-3.863,0
547,60460,132.07,21,1,0,0.272,3.584,0.059,4.41,-3.864,0
548,60960,-20.88,500,0,6,2.58,4.192,0.0599,4.41,-3.871,0
549,60965,-10.25,5,0,5,3.531,3.531,0.0599,4.41,-3.871,1
550,60987,20.59,22,0,5,0.62,3.789,0.06,4.41,-3.871,1
551,61003,125.26,16,1,0,0.276,2.881,0.0601,4.41,-3.871,0
552,61073,11.31,70,0,6,1.308,3.988,0.0597,4.41,-3.872,1
553,61079,112.79,6,1,0,0.228,1.537,0.0597,4.41,-3.873,0
554,61579,-57.88,500,0,13,2.728,2.04,0.0601,4.41,-3.88,0
555,61583,116.18,4,1,0,0.295,1.933,0.06,4.41,-3.88,0
556,61591,116.59,8,1,0,0.28,1.979,0.06,4.41,-3.88,0
557,61628,130.42,37,1,1,0.262,3.69,0.0597,4.41,-3.88,0
558,61647,134.89,19,1,0,0.267,3.851,0.0595,4.41,-3.881,0
559,61726,-43.49,79,0,21,4.899,3.946,0.0594,4.41,-3.882,1
560,61827,0.34,101,0,5,2.599,4.138,0.0596,4.41,-3.883,1
561,62117,-31.52,290,0,31,3.015,4.314,0.0597,4.41,-3.887,1
562,62221,124.94,104,1,0,0.292,3.307,0.0592,4.41,-3.889,0
563,62232,120.79,11,1,0,0.086,2.22,0.0592,4.41,-3.889,0
564,62242,120.65,10,1,0,0.261,2.376,0.0591,4.41,-3.889,0
565,62259,6.36,17,0,5,1.5,3.221,0.0592,4.41,-3.889,1
566,62264,-10.25,5,0,5,2.602,2.602,0.0591,4.41,-3.889,1
567,62277,0.3,13,0,8,2.33,4.025,0.0591,4.41,-3.89,1
568,62296,139.84,19,1,0,0.23,4.308,0.0591,4.41,-3.89,0
569,62313,-5.9,17,0,9,1.413,2.708,0.0592,4.41,-3.89,1
570,62813,-20.47,500,0,2,2.696,3.55,0.058,4.41,-3.897,0
571,63313,-21.0,500,0,0,3.253,3.653,0.057,4.41,-3.904,0
572,63321,119.7,8,1,0,0.24,2.25,0.057,4.41,-3.905,0
573,63329,128.84,8,1,0,0.226,3.15,0.057,4.41,-3.905,0
574,63342,138.57,13,1,0,0.286,4.208,0.057,4.41,-3.905,0
575,63594,-11.42,252,0,28,0.946,4.064,0.057,4.41,-3.908,1
576,63619,9.54,25,0,6,1.65,3.929,0.0571,4.41,-3.909,1
577,63631,129.79,12,1,0,0.247,3.286,0.0572,4.41,-3.909,0
578,63708,111.59,77,1,10,0.236,3.78,0.0579,4.41,-3.91,0
579,63746,121.12,38,1,0,0.256,2.559,0.058,4.41,-3.911,0
580,63751,113.1,5,1,0,0.15,1.485,0.058,4.41,-3.911,0
581,63761,0.37,10,0,6,1.367,2.654,0.0581,4.41,-3.911,1
582,64261,-30.62,500,0,26,1.279,3.717,0.0583,4.41,-3.918,0
583,64275,-20.47,14,0,9,3.909,3.732,0.058,4.41,-3.918,1
584,64775,-41.9,500,0,28,2.544,3.854,0.0566,4.41,-3.925,0
585,64791,13.2,16,0,8,0.423,3.424,0.0564,4.41,-3.926,1
586,64859,83.45,68,1,11,0.238,1.122,0.0561,4.41,-3.927,0
587,65359,-35.28,500,0,1,4.673,3.845,0.0555,4.41,-3.934,0
588,65375,9.76,16,0,5,0.714,2.77,0.0556,4.41,-3.934,1
589,65385,131.81,10,1,0,0.143,3.374,0.0557,4.41,-3.934,0
590,65393,-14.6,8,0,6,4.549,4.329,0.0558,4.41,-3.934,1
591,65413,24.39,20,0,6,0.598,4.337,0.0559,4.41,-3.934,1
592,65913,-36.72,500,0,4,3.95,3.578,0.0557,4.41,-3.942,0
593,65953,-7.15,40,0,6,1.128,1.812,0.0561,4.41,-3.942,1
594,66453,-124.06,500,0,22,9.944,3.037,0.0583,4.41,-3.949,0
595,66464,135.53,11,1,0,0.202,3.81,0.0584,4.41,-3.949,0
596,66477,120.82,13,1,0,0.143,2.29,0.0585,4.41,-3.95,0
597,66532,-27.37,55,0,5,5.106,3.643,0.0587,4.41,-3.95,1
598,66609,113.69,77,1,0,0.236,1.99,0.0591,4.41,-3.952,0
599,66623,124.57,14,1,3,0.28,3.407,0.0592,4.41,-3.952,0
600,67123,-38.12,500,0,1,3.766,2.654,0.0594,4.41,-3.959,0
601,67146,5.38,23,0,5,2.333,3.986,0.0594,4.41,-3.959,1
602,67646,-23.8,500,0,0,2.738,2.858,0.0583,4.41,-3.966,0
603,67661,126.95,15,1,4,0.192,3.762,0.0584,4.41,-3.967,0
604,68161,-30.99,500,0,6,2.83,3.43,0.0586,4.41,-3.974,0
605,68179,134.51,18,1,0,0.209,3.75,0.0584,4.41,-3.974,0
606,68194,121.24,15,1,4,0.235,3.235,0.0583,4.41,-3.974,0
607,68231,134.47,37,1,0,0.233,3.865,0.0584,4.41,-3.975,0
608,68731,-92.27,500,0,0,11.103,4.376,0.0581,4.41,-3.982,0
609,68744,115.04,13,1,1,0.299,2.068,0.0582,4.41,-3.982,0
610,68765,-15.56,21,0,9,3.759,4.108,0.0584,4.41,-3.982,1
611,68780,120.16,15,1,0,0.243,2.333,0.067,4.41,-3.983,0
612,68865,124.07,85,1,5,0.273,4.105,0.0634,4.41,-3.984,0
613,68882,136.66,17,1,0,0.299,4.05,0.0628,4.41,-3.984,0
614,68912,129.07,30,1,0,0.236,3.293,0.0618,4.41,-3.984,0
615,68922,-6.4,10,0,6,1.322,1.933,0.0615,4.41,-3.985,1
616,68973,6.15,51,0,10,1.147,4.017,0.0601,4.41,-3.985,1
617,68995,133.13,22,1,0,0.211,3.634,0.0594,4.41,-3.986,0
618,69001,-8.32,6,0,5,3.702,3.9,0.0593,4.41,-3.986,1
619,69024,126.46,23,1,0,0.217,2.977,0.0591,4.41,-3.986,0
620,69030,-7.12,6,0,5,3.003,3.32,0.059,4.41,-3.986,1
621,69093,118.87,63,1,0,0.068,2.27,0.0581,4.41,-3.987,0
622,69593,-47.35,500,0,11,4.06,4.025,0.0554,4.41,-3.994,0
623,69602,119.35,9,1,0,0.28,2.26,0.0554,4.41,-3.994,0
624,69610,125.64,8,1,0,0.214,2.818,0.0553,4.41,-3.994,0
625,69624,138.22,14,1,0,0.249,4.141,0.0552,4.41,-3.995,0
626,69686,-17.12,62,0,18,1.318,2.916,0.0548,4.41,-3.996,1
627,70186,-24.88,500,0,1,3.841,4.053,0.054,4.41,-4.003,0
628,70686,-36.2,500,0,33,2.504,4.383,0.0532,4.41,-4.01,0
629,70721,134.54,35,1,0,0.18,3.81,0.0533,4.41,-4.01,0
630,70729,126.67,8,1,0,0.182,2.889,0.0533,4.41,-4.01,0
631,70735,122.06,6,1,0,0.265,2.501,0.0532,4.76,-4.011,0
632,70982,-7.12,247,0,8,1.933,4.056,0.0529,4.76,-4.014,1
633,71018,5.78,36,0,11,1.268,4.227,0.053,4.76,-4.015,1
634,71036,127.36,18,1,0,0.215,3.041,0.053,4.76,-4.015,0
635,71282,-56.2,246,0,29,4.744,3.354,0.0527,4.76,-4.018,1
636,71301,133.39,19,1,0,0.259,3.693,0.0527,4.76,-4.019,0
637,71311,132.05,10,1,0,0.234,3.489,0.0527,4.76,-4.019,0
638,71811,-29.6,500,0,0,4.565,4.105,0.0534,4.76,-4.026,0
639,71830,134.7,19,1,0,0.06,3.625,0.0536,4.76,-4.026,0
640,71871,12.59,41,0,9,1.119,4.383,0.0541,4.76,-4.027,1
641,71906,139.54,35,1,0,0.265,4.394,0.054,4.76,-4.027,0
642,71967,-52.72,61,0,7,6.059,2.492,0.054,4.76,-4.028,1
643,71982,128.04,15,1,0,0.217,3.096,0.0539,4.76,-4.028,0
644,72108,-32.76,126,0,21,3.171,3.524,0.0542,4.76,-4.03,1
645,72114,123.58,6,1,0,0.205,2.594,0.0543,4.76,-4.03,0
646,72128,11.05,14,0,5,0.99,3.164,0.0542,4.76,-4.03,1
647,72628,-23.36,500,0,3,2.563,3.327,0.0551,4.76,-4.038,0
648,72659,140.99,31,1,0,0.259,4.512,0.0548,4.76,-4.038,0
649,72674,134.5,15,1,0,0.192,3.717,0.0546,4.76,-4.038,0
650,72685,139.99,11,1,0,0.254,4.308,0.0545,4.76,-4.038,0
651,72959,5.62,274,0,7,0.789,4.122,0.055,4.76,-4.042,1
652,72978,-16.61,19,0,10,2.528,2.962,0.055,4.76,-4.043,1
653,72999,134.89,21,1,1,0.247,4.042,0.055,4.76,-4.043,0
654,73487,-30.63,488,0,10,2.857,4.235,0.0552,4.76,-4.05,1
655,73501,139.25,14,1,0,0.232,4.227,0.0552,4.76,-4.05,0
656,73541,-4.45,40,0,14,0.346,2.901,0.0551,4.76,-4.051,1
657,73562,117.88,21,1,0,0.244,2.137,0.0554,4.76,-4.051,0
658,73574,122.84,12,1,0,0.116,2.46,0.0554,4.76,-4.051,0
659,73584,117.82,10,1,0,0.257,2.089,0.0555,4.76,-4.051,0
660,73595,144.88,11,1,0,0.175,4.717,0.0555,4.76,-4.051,0
661,73626,129.84,31,1,1,0.173,3.511,0.0555,4.76,-4.052,0
662,73653,2.33,27,0,12,1.715,4.482,0.0556,4.76,-4.052,1
663,73664,128.89,11,1,0,0.181,3.125,0.0558,4.76,-4.052,0
664,73711,105.54,47,1,13,0.242,3.631,0.0556,4.76,-4.053,0
665,73732,-38.71,21,0,5,6.774,4.008,0.0557,4.76,-4.053,1
666,73805,115.74,73,1,4,0.298,3.037,0.0558,4.76,-4.054,0
667,74305,1.25,500,0,2,1.45,4.475,0.0551,4.76,-4.062,0
668,74805,-45.54,500,0,0,5.697,3.643,0.0542,4.76,-4.069,0
669,74829,129.16,24,1,4,0.212,4.047,0.0541,4.76,-4.069,0
670,74835,-10.06,6,0,5,3.893,3.917,0.0541,4.76,-4.069,1
671,74844,140.4,9,1,0,0.094,4.179,0.0542,4.76,-4.069,0
672,75156,116.04,312,1,0,0.299,3.463,0.0539,4.76,-4.074,0
673,75169,15.51,13,0,5,0.3,2.916,0.0537,4.76,-4.074,1
674,75183,143.29,14,1,0,0.158,4.557,0.0535,4.76,-4.074,0
675,75207,21.88,24,0,5,0.63,3.937,0.0534,4.76,-4.074,1
676,75707,-29.83,500,0,0,2.743,2.26,0.0525,4.76,-4.082,0
677,75713,122.22,6,1,0,0.19,2.442,0.0524,4.76,-4.082,0
678,75727,142.24,14,1,1,0.18,4.674,0.0523,4.76,-4.082,0
679,75740,138.03,13,1,0,0.157,4.025,0.0524,4.76,-4.082,0
680,75844,128.94,104,1,0,0.297,3.711,0.0525,4.76,-4.083,0
681,75864,30.15,20,0,5,0.628,4.743,0.0525,4.76,-4.084,1
682,75886,115.32,22,1,5,0.212,2.854,0.0524,4.76,-4.084,0
683,75896,0.28,10,0,5,2.015,3.092,0.0525,4.76,-4.084,1
684,75907,141.55,11,1,0,0.138,4.347,0.0525,4.76,-4.084,0
685,75912,-10.25,5,0,5,3.07,3.07,0.0526,4.76,-4.084,1
686,76368,-15.31,456,0,36,0.956,4.705,0.0529,4.76,-4.091,1
687,76395,8.04,27,0,7,0.899,3.238,0.0529,4.76,-4.091,1
688,76895,2.24,500,0,3,1.231,4.555,0.0544,4.76,-4.098,0
689,76909,144.32,14,1,0,0.189,4.691,0.0543,4.76,-4.099,0
690,76917,125.86,8,1,0,0.239,2.866,0.0542,4.76,-4.099,0
691,77417,-20.87,500,0,27,1.137,4.55,0.0542,4.76,-4.106,0
692,77441,135.54,24,1,0,0.241,3.914,0.0542,4.76,-4.106,0
693,77457,128.83,16,1,0,0.272,3.235,0.054,4.76,-4.107,0
694,77475,-16.21,18,0,5,3.699,3.168,0.054,4.76,-4.107,1
695,77492,141.99,17,1,0,0.218,4.502,0.0539,4.76,-4.107,0
696,77992,-24.12,500,0,6,3.401,4.689,0.0544,4.76,-4.114,0
697,78492,-39.22,500,0,23,2.627,4.205,0.0533,4.76,-4.121,0
698,78499,120.25,7,1,0,0.278,2.338,0.0532,4.76,-4.121,0
699,78978,-20.82,479,0,38,0.977,4.29,0.0529,4.76,-4.128,1
700,79476,91.75,498,1,3,0.186,2.451,0.0524,4.76,-4.135,0
701,79530,119.48,54,1,0,0.283,2.501,0.0525,4.76,-4.136,0
702,79661,82.45,131,1,23,0.253,2.153,0.0519,4.76,-4.138,0
703,79713,21.35,52,0,5,1.315,4.71,0.0517,4.76,-4.139,1
704,79731,133.92,18,1,0,0.183,3.665,0.0515,4.76,-4.139,0
705,79876,2.37,145,0,10,1.796,4.758,0.0506,4.76,-4.141,1
706,79896,122.53,20,1,0,0.267,2.62,0.0505,4.76,-4.141,0
707,80396,-47.06,500,0,28,1.738,2.532,0.0509,4.76,-4.149,0
708,80410,111.8,14,1,0,0.28,1.53,0.0509,4.76,-4.149,0
709,80414,111.01,4,1,0,0.229,1.35,0.0509,4.76,-4.149,0
710,80569,0.58,155,0,9,1.89,4.522,0.0515,4.76,-4.151,1
711,80590,102.13,21,1,5,0.277,1.595,0.0515,4.76,-4.151,0
712,80607,30.24,17,0,5,0.363,4.472,0.0515,4.76,-4.152,1
713,80616,133.68,9,1,0,0.264,3.677,0.0515,4.76,-4.152,0
714,81116,-17.66,500,0,17,0.916,4.65,0.0512,4.76,-4.159,0
715,81156,127.28,40,1,5,0.251,4.179,0.0509,4.76,-4.159,0
716,81162,119.99,6,1,0,0.26,2.29,0.0508,4.76,-4.159,0
717,81223,-10.32,61,0,7,1.432,2.105,0.0504,4.76,-4.16,1
718,81233,138.93,10,1,0,0.238,4.181,0.0503,4.76,-4.16,0
719,81646,-34.6,413,0,6,3.983,3.789,0.0496,4.76,-4.166,1
720,81836,-11.11,190,0,23,1.462,4.301,0.0496,4.76,-4.169,1
721,81866,127.35,30,1,0,0.247,3.132,0.0497,4.76,-4.17,0
722,82366,-40.74,500,0,4,5.405,4.631,0.0501,4.76,-4.177,0
723,82421,1.28,55,0,5,2.098,3.502,0.0499,4.76,-4.177,1
724,82432,132.37,11,1,0,0.289,3.581,0.0499,4.76,-4.178,0
725,82932,-5.64,500,0,5,0.617,3.553,0.049,4.76,-4.185,0
726,82946,-31.66,14,0,5,6.104,4.008,0.0489,4.76,-4.185,1
727,82951,-10.25,5,0,5,3.46,3.46,0.0489,4.76,-4.185,1
728,82975,141.4,24,1,0,0.273,4.532,0.0489,4.76,-4.185,0
729,83475,-9.81,500,0,1,1.612,3.331,0.0487,4.76,-4.192,0
730,83489,127.3,14,1,0,0.252,3.052,0.0486,4.76,-4.193,0
731,83496,118.47,7,1,0,0.261,2.142,0.0671,4.76,-4.193,0
732,83511,-9.64,15,0,6,4.383,4.693,0.0665,4.76,-4.193,1
733,83521,9.67,10,0,5,2.145,4.162,0.066,4.76,-4.193,1
734,83551,133.09,30,1,0,0.203,3.662,0.0643,4.76,-4.194,0
735,83629,20.56,78,0,8,0.338,4.383,0.061,4.76,-4.195,1
736,83644,-10.71,15,0,9,1.099,1.903,0.0607,4.76,-4.195,1
737,84144,-27.73,500,0,1,2.842,2.77,0.0523,4.76,-4.202,0
738,84230,112.74,86,1,0,0.269,1.973,0.0515,4.76,-4.203,0
739,84241,136.67,11,1,1,0.243,4.165,0.0514,4.76,-4.203,0
740,84266,142.92,25,1,0,0.257,4.674,0.0513,4.76,-4.204,0
741,84311,-5.4,45,0,14,1.359,3.845,0.0508,4.76,-4.204,1
742,84587,-29.84,276,0,6,4.272,3.868,0.0498,4.76,-4.208,1
743,84907,91.07,320,1,6,0.182,2.089,0.0494,4.76,-4.213,0
744,85067,-35.89,160,0,31,1.266,1.477,0.0491,4.76,-4.215,1
745,85085,5.04,18,0,8,1.16,3.354,0.0489,4.76,-4.216,1
746,85093,123.14,8,1,0,0.201,2.554,0.0489,4.76,-4.216,0
747,85265,3.89,172,0,19,0.461,4.71,0.0484,4.76,-4.218,1
748,85765,-19.9,500,0,11,1.096,3.807,0.0482,4.76,-4.225,0
749,85778,141.67,13,1,0,0.205,4.437,0.0482,4.76,-4.225,0
750,85812,131.56,34,1,1,0.299,3.824,0.0481,4.76,-4.226,0
751,85836,-4.37,24,0,10,0.936,2.62,0.0481,4.76,-4.226,1
752,85856,129.75,20,1,3,0.265,3.94,0.048,4.76,-4.227,0
753,85928,-4.92,72,0,6,3.508,4.577,0.048,4.76,-4.228,1
754,85947,11.86,19,0,8,1.257,4.138,0.0481,4.76,-4.228,1
755,85965,138.81,18,1,3,0.175,4.746,0.0482,4.76,-4.228,0
756,85970,-10.25,5,0,5,4.452,4.452,0.0483,4.76,-4.228,1
757,86002,12.68,32,0,10,0.586,4.014,0.0483,4.76,-4.229,1
758,86030,12.28,28,0,10,0.322,3.69,0.0485,4.76,-4.229,1
759,86070,113.35,40,1,0,0.252,1.787,0.0484,4.76,-4.23,0
760,86082,133.72,12,1,0,0.221,3.653,0.0485,4.76,-4.23,0
761,86092,125.46,10,1,0,0.25,2.846,0.0485,4.76,-4.23,0
762,86116,135.68,24,1,1,0.241,4.13,0.0485,4.76,-4.23,0
763,86135,15.64,19,0,6,0.319,3.178,0.0488,4.76,-4.231,1
764,86510,-33.09,375,0,15,2.276,3.842,0.0506,4.76,-4.236,1
765,86515,-10.25,5,0,5,1.566,1.566,0.0505,4.76,-4.236,1
766,86521,-13.46,6,0,5,3.922,3.606,0.0505,4.76,-4.236,1
767,86532,-12.69,11,0,7,1.531,1.717,0.0505,4.76,-4.236,1
768,86549,134.03,17,1,0,0.229,3.717,0.0505,4.76,-4.236,0
769,86560,136.94,11,1,0,0.174,3.923,0.0505,4.76,-4.237,0
770,86570,126.59,10,1,0,0.219,2.928,0.0505,4.76,-4.237,0
771,86586,126.8,16,1,0,0.152,2.912,0.0504,4.76,-4.237,0
772,86593,121.66,7,1,0,0.218,2.419,0.0503,4.76,-4.237,0
773,86598,120.06,5,1,0,0.111,2.142,0.0503,4.76,-4.237,0
774,86617,138.4,19,1,1,0.299,4.435,0.0503,4.76,-4.237,0
775,86626,126.52,9,1,0,0.235,2.932,0.0504,4.76,-4.238,0
776,86644,4.26,18,0,7,2.656,4.572,0.0504,4.76,-4.238,1
777,86729,118.3,85,1,10,0.182,4.437,0.0506,4.76,-4.239,0
778,86743,17.61,14,0,5,0.305,3.136,0.0506,4.76,-4.239,1
779,86767,139.52,24,1,2,0.223,4.696,0.0506,4.76,-4.24,0
780,86772,-10.25,5,0,5,4.173,4.173,0.0505,4.76,-4.24,1
781,86783,7.72,11,0,5,1.039,2.866,0.067,4.76,-4.24,1
782,86838,114.2,55,1,11,0.2,4.094,0.0643,4.76,-4.241,0
783,87123,94.06,285,1,28,0.205,4.036,0.0572,4.76,-4.245,0
784,87143,129.09,20,1,0,0.257,3.266,0.0568,4.76,-4.245,0
785,87159,6.41,16,0,5,1.689,3.411,0.0565,4.76,-4.245,1
786,87364,-26.09,205,0,19,1.985,3.401,0.0542,4.76,-4.248,1
787,87370,121.27,6,1,0,0.248,2.405,0.0542,4.76,-4.248,0
788,87870,-24.88,500,0,4,2.158,2.97,0.0526,4.76,-4.255,0
789,87878,107.77,8,1,0,0.286,1.102,0.0525,4.76,-4.255,0
790,87922,124.17,44,1,0,0.264,2.901,0.0521,4.76,-4.256,0
791,87972,-0.8,50,0,6,2.928,4.298,0.0519,4.76,-4.257,1
792,88030,106.13,58,1,11,0.251,3.354,0.0517,4.76,-4.258,0
793,88078,139.27,48,1,0,0.287,4.455,0.0516,4.76,-4.258,0
794,88094,128.71,16,1,0,0.283,3.235,0.0516,4.76,-4.258,0
795,88112,141.03,18,1,0,0.19,4.383,0.0515,4.76,-4.259,0
796,88137,-20.95,25,0,9,2.574,2.405,0.0514,4.76,-4.259,1
797,88151,140.33,14,1,0,0.298,4.401,0.0515,4.76,-4.259,0
798,88161,129.25,10,1,0,0.246,3.221,0.0515,4.76,-4.259,0
799,88311,-35.35,150,0,20,3.768,3.983,0.0512,4.76,-4.262,1
800,88325,137.16,14,1,0,0.286,4.072,0.0513,4.76,-4.262,0
801,88825,-35.46,500,0,3,4.417,3.971,0.0505,5.14,-4.269,0
802,88840,121.68,15,1,0,0.272,2.514,0.0505,5.14,-4.269,0
803,88856,147.67,16,1,0,0.233,5.08,0.0503,5.14,-4.269,0
804,89220,-17.92,364,0,62,1.741,4.769,0.049,5.14,-4.275,1
805,89230,130.91,10,1,0,0.256,3.397,0.049,5.14,-4.275,0
806,89306,18.46,76,0,9,0.825,4.851,0.049,5.14,-4.276,1
807,89328,11.0,22,0,8,1.754,4.565,0.049,5.14,-4.276,1
808,89397,143.4,69,1,0,0.208,4.893,0.0491,5.14,-4.277,0
809,89421,-2.2,24,0,9,1.017,2.717,0.049,5.14,-4.277,1
810,89432,138.98,11,1,0,0.239,4.192,0.049,5.14,-4.278,0
811,89459,9.8,27,0,10,1.112,4.227,0.049,5.55,-4.278,1
812,89959,-35.76,500,0,6,3.614,3.738,0.0496,5.55,-4.285,0
813,89966,-8.12,7,0,6,2.326,2.75,0.0496,5.55,-4.285,1
814,89982,133.15,16,1,1,0.209,3.804,0.0497,5.55,-4.285,0
815,90004,20.28,22,0,6,0.342,3.68,0.0497,5.55,-4.286,1
816,90504,-44.85,500,0,1,7.16,5.375,0.0504,5.55,-4.293,0
817,91004,-34.23,500,0,12,3.74,5.218,0.0489,5.55,-4.3,0
818,91504,-39.86,500,0,36,2.71,4.224,0.0491,5.55,-4.307,0
819,91509,-10.25,5,0,5,5.377,5.377,0.0491,5.55,-4.307,1
820,91518,128.25,9,1,0,0.237,3.107,0.049,5.55,-4.307,0
821,91531,6.11,13,0,5,3.455,5.131,0.0489,5.55,-4.308,1
822,91543,-2.37,12,0,5,4.29,5.113,0.0489,5.55,-4.308,1
823,91656,8.99,113,0,8,0.454,3.518,0.0485,5.55,-4.309,1
824,92156,-30.42,500,0,0,4.819,4.277,0.0498,5.55,-4.317,0
825,92161,-10.25,5,0,5,3.937,3.937,0.0499,5.55,-4.317,1
826,92171,123.79,10,1,0,0.262,2.692,0.05,5.55,-4.317,0
827,92183,10.2,12,0,5,0.84,2.92,0.0501,5.55,-4.317,1
828,92320,-18.44,137,0,16,2.548,4.389,0.0503,5.55,-4.319,1
829,92767,-30.96,447,0,17,1.258,3.397,0.0505,5.55,-4.325,1
830,92821,-12.44,54,0,15,1.341,3.367,0.0506,5.55,-4.326,1
831,92909,-28.04,88,0,26,4.916,5.552,0.0633,5.55,-4.327,1
832,92917,-4.14,8,0,5,4.425,5.051,0.0629,5.55,-4.327,1
833,92936,-26.96,19,0,8,6.411,5.41,0.0622,5.55,-4.328,1
834,92998,112.4,62,1,0,0.299,1.849,0.0596,5.55,-4.329,0
835,93003,-10.25,5,0,5,2.367,2.367,0.0595,5.55,-4.329,1
836,93152,-22.68,149,0,25,1.877,3.354,0.0562,5.55,-4.331,1
837,93264,-72.11,112,0,10,8.821,4.17,0.0548,5.55,-4.332,1
838,93278,113.59,14,1,0,0.228,1.657,0.0547,5.55,-4.333,0
839,93349,141.43,71,1,0,0.291,4.788,0.0541,5.55,-4.334,0
840,93474,124.99,125,1,5,0.27,4.394,0.0523,5.55,-4.335,0
841,93974,-34.4,500,0,11,4.102,5.362,0.051,5.55,-4.342,0
842,94191,-45.66,217,0,25,5.843,5.362,0.0506,5.55,-4.346,1
843,94221,5.94,30,0,10,1.265,4.008,0.0504,5.55,-4.346,1
844,94304,-15.53,83,0,35,3.475,5.337,0.0504,5.55,-4.347,1
845,94470,-42.51,166,0,14,6.042,5.421,0.05,5.55,-4.35,1
846,94494,14.56,24,0,7,1.229,4.205,0.0499,5.55,-4.35,1
847,94679,-19.2,185,0,75,2.626,4.631,0.0492,5.55,-4.353,1
848,94698,133.4,19,1,0,0.276,3.711,0.0492,5.55,-4.353,0
849,94721,-8.98,23,0,6,4.85,5.267,0.0492,5.55,-4.353,1
850,94786,146.28,65,1,1,0.207,5.36,0.0494,5.55,-4.354,0
851,94986,112.27,200,1,8,0.145,3.971,0.0495,5.55,-4.357,0
852,94996,-9.24,10,0,5,5.115,5.241,0.0494,5.55,-4.357,1
853,95099,106.87,103,1,2,0.283,1.885,0.0488,5.55,-4.359,0
854,95195,-11.92,96,0,11,1.204,2.692,0.0482,5.55,-4.36,1
855,95202,129.04,7,1,0,0.2,3.139,0.0481,5.55,-4.36,0
856,95242,124.41,40,1,0,0.287,2.928,0.048,5.55,-4.361,0
857,95742,-33.04,500,0,21,2.157,4.353,0.0473,5.55,-4.368,0
858,95763,-19.66,21,0,6,3.589,2.928,0.0472,5.55,-4.368,1
859,95770,-3.67,7,0,5,0.786,1.454,0.0472,5.55,-4.368,1
860,96270,-40.16,500,0,8,2.817,2.901,0.0485,5.55,-4.375,0
861,96286,148.51,16,1,0,0.204,5.135,0.0485,5.55,-4.376,0
862,96318,137.4,32,1,0,0.251,4.152,0.0485,5.55,-4.376,0
863,96391,10.49,73,0,8,1.21,4.224,0.0485,5.55,-4.377,1
864,96442,-36.92,51,0,10,6.391,4.955,0.0484,5.55,-4.378,1
865,96462,139.54,20,1,0,0.237,4.29,0.0485,5.55,-4.378,0
866,96477,12.88,15,0,5,1.946,4.308,0.0486,5.55,-4.378,1
867,96489,128.95,12,1,0,0.265,3.221,0.0487,5.55,-4.378,0
868,96544,20.6,55,0,5,1.472,4.807,0.0486,5.55,-4.379,1
869,96585,127.91,41,1,0,0.27,3.266,0.0488,5.55,-4.38,0
870,96596,114.52,11,1,0,0.261,1.768,0.0489,5.55,-4.38,0
871,96604,-16.31,8,0,7,1.792,1.602,0.0489,5.55,-4.38,1
872,96616,139.32,12,1,0,0.277,4.269,0.0489,5.55,-4.38,0
873,96636,150.38,20,1,0,0.241,5.379,0.049,5.55,-4.381,0
874,97136,-50.97,500,0,4,6.413,4.616,0.049,5.55,-4.388,0
875,97140,111.26,4,1,0,0.153,1.299,0.0491,5.55,-4.388,0
876,97216,20.32,76,0,10,0.699,5.111,0.049,5.55,-4.389,1
877,97228,16.16,12,0,5,1.296,3.971,0.0489,5.55,-4.389,1
878,97234,-13.12,6,0,5,5.1,4.819,0.0489,5.55,-4.389,1
879,97253,126.61,19,1,0,0.11,2.866,0.049,5.55,-4.389,0
880,97289,-21.94,36,0,15,1.702,2.687,0.0489,5.55,-4.39,1
881,97789,-39.77,500,0,14,4.096,5.419,0.0548,5.55,-4.397,0
882,97798,-5.57,9,0,6,3.343,4.031,0.0546,5.55,-4.397,1
883,97807,-6.83,9,0,6,4.431,4.993,0.0545,5.55,-4.397,1
884,97870,121.13,63,1,2,0.268,3.096,0.0535,5.55,-4.398,0
885,97883,133.17,13,1,0,0.183,3.565,0.0534,5.55,-4.398,0
886,98102,-0.44,219,0,5,3.417,5.468,0.0514,5.55,-4.401,1
887,98602,-10.12,500,0,0,3.516,5.004,0.0496,5.55,-4.409,0
888,98622,12.96,20,0,9,1.72,4.916,0.0494,5.55,-4.409,1
889,99122,-22.56,500,0,1,3.595,4.039,0.0477,5.55,-4.416,0
890,99622,-19.78,500,0,0,4.254,4.777,0.0472,5.55,-4.423,0
891,99651,20.39,29,0,6,1.665,5.049,0.0471,5.55,-4.424,1
892,99734,-25.36,83,0,6,4.795,3.874,0.0471,5.55,-4.425,1
893,99759,149.75,25,1,0,0.294,5.394,0.047,5.55,-4.425,0
894,100259,-26.89,500,0,5,3.813,4.623,0.0466,5.55,-4.432,0
895,100294,104.64,35,1,10,0.163,2.802,0.0467,5.55,-4.433,0
896,100794,-51.91,500,0,9,6.341,5.45,0.0474,5.55,-4.44,0
897,100817,129.1,23,1,4,0.255,4.08,0.0474,5.55,-4.44,0
898,100841,131.3,24,1,2,0.279,3.929,0.0475,5.55,-4.441,0
899,101341,-60.84,500,0,1,7.693,4.308,0.0478,5.55,-4.448,0
900,101841,-35.5,500,0,1,3.422,2.572,0.0473,5.55,-4.455,0
901,101907,-2.56,66,0,22,0.878,3.952,0.0472,5.55,-4.456,1
902,101912,-10.25,5,0,5,3.966,3.966,0.0472,5.55,-4.456,1
903,101939,-6.4,27,0,9,0.362,1.657,0.047,5.55,-4.456,1
904,101950,142.33,11,1,0,0.141,4.429,0.047,5.55,-4.456,0
905,101956,117.97,6,1,0,0.283,2.111,0.047,5.55,-4.457,0
906,101966,-9.65,10,0,8,4.47,5.155,0.0469,5.55,-4.457,1
907,101973,122.52,7,1,0,0.2,2.487,0.0469,5.55,-4.457,0
908,101984,4.18,11,0,5,1.934,3.407,0.0469,5.55,-4.457,1
909,102015,-0.8,31,0,12,0.441,2.916,0.0467,5.55,-4.457,1
910,102053,21.95,38,0,11,0.931,5.515,0.0467,5.55,-4.458,1
911,102065,3.64,12,0,6,3.071,4.696,0.0468,5.55,-4.458,1
912,102077,146.75,12,1,0,0.151,4.886,0.0466,5.55,-4.458,0
913,102083,-7.6,6,0,5,2.688,2.958,0.0466,5.55,-4.458,1
914,102113,150.0,30,1,0,0.279,5.429,0.0464,5.55,-4.459,0
915,102134,141.65,21,1,2,0.14,4.809,0.0465,5.55,-4.459,0
916,102142,130.41,8,1,0,0.185,3.266,0.0464,5.55,-4.459,0
917,102148,-9.05,6,0,5,3.168,3.293,0.0464,5.55,-4.459,1
918,102371,-41.49,223,0,15,1.737,1.704,0.046,5.55,-4.462,1
919,102871,-24.55,500,0,1,5.211,5.456,0.0455,5.55,-4.47,0
920,103340,-29.21,469,0,13,2.609,4.633,0.0458,5.55,-4.476,1
921,103363,140.53,23,1,4,0.27,5.237,0.0458,5.55,-4.477,0
922,103385,140.26,22,1,0,0.288,4.424,0.0458,5.55,-4.477,0
923,103401,139.72,16,1,0,0.153,4.205,0.0457,5.55,-4.477,0
924,103422,150.74,21,1,0,0.09,5.269,0.0457,5.55,-4.477,0
925,103569,129.25,147,1,7,0.269,5.329,0.046,5.55,-4.48,0
926,104069,-14.88,500,0,0,2.531,3.543,0.0451,5.55,-4.487,0
927,104088,120.66,19,1,0,0.225,2.386,0.0451,5.55,-4.487,0
928,104100,134.96,12,1,0,0.23,3.786,0.045,5.55,-4.487,0
929,104111,130.88,11,1,1,0.273,3.616,0.0449,5.55,-4.487,0
930,104611,-42.96,500,0,7,4.393,3.997,0.0441,5.55,-4.494,0
931,104618,-4.34,7,0,5,2.018,2.62,0.0671,5.55,-4.495,1
932,105118,-13.02,500,0,2,2.956,4.555,0.0553,5.55,-4.502,0
933,105140,-3.38,22,0,11,0.898,2.87,0.0551,5.55,-4.502,1
934,105151,140.48,11,1,0,0.278,4.381,0.055,5.55,-4.502,0
935,105490,-21.96,339,0,50,2.938,5.437,0.0522,5.55,-4.507,1
936,105701,-22.63,211,0,15,1.285,3.078,0.0504,5.55,-4.51,1
937,105708,-4.47,7,0,5,1.458,2.046,0.0504,5.55,-4.51,1
938,105718,130.36,10,1,0,0.275,3.361,0.0503,5.55,-4.51,0
939,105736,12.48,18,0,7,1.386,4.124,0.0501,5.55,-4.511,1
940,105751,107.88,15,1,0,0.143,1.006,0.05,5.55,-4.511,0
941,105760,-6.22,9,0,7,0.6,1.423,0.05,5.55,-4.511,1
942,105777,130.0,17,1,0,0.272,3.357,0.0498,5.55,-4.511,0
943,105799,142.41,22,1,4,0.188,5.339,0.0496,5.55,-4.511,0
944,105806,123.99,7,1,0,0.274,2.708,0.0495,5.55,-4.512,0
945,106306,-4.06,500,0,6,1.826,5.12,0.0466,5.55,-4.519,0
946,106320,128.52,14,1,3,0.18,3.702,0.0467,5.55,-4.519,0
947,106333,126.3,13,1,2,0.198,3.293,0.0467,5.55,-4.519,0
948,106344,135.9,11,1,0,0.192,3.836,0.0467,5.55,-4.519,0
949,106349,-10.25,5,0,5,4.424,4.424,0.0466,5.55,-4.519,1
950,106363,-5.59,14,0,5,3.619,4.13,0.0466,5.55,-4.519,1
951,106386,147.18,23,1,0,0.296,5.129,0.0466,5.55,-4.52,0
952,106395,-5.08,9,0,5,2.939,3.476,0.0465,5.55,-4.52,1
953,106399,114.6,4,1,0,0.224,1.704,0.0465,5.55,-4.52,0
954,106415,147.17,16,1,0,0.199,4.995,0.0466,5.55,-4.52,0
955,106452,139.5,37,1,5,0.033,5.168,0.0466,5.55,-4.521,0
956,106487,33.61,35,0,5,0.918,5.454,0.0466,5.55,-4.521,1
957,106498,1.28,11,0,7,3.665,5.248,0.0467,5.55,-4.521,1
958,106545,22.65,47,0,8,0.523,4.623,0.0466,5.55,-4.522,1
959,106559,129.14,14,1,1,0.22,3.404,0.0466,5.55,-4.522,0
960,106788,109.23,229,1,0,0.226,2.295,0.0467,5.55,-4.526,0
961,107288,-32.35,500,0,0,5.614,4.879,0.0464,5.55,-4.533,0
962,107298,129.82,10,1,0,0.238,3.269,0.0464,5.55,-4.533,0
963,107307,6.13,9,0,5,2.339,3.997,0.0465,5.55,-4.533,1
964,107562,-0.88,255,0,55,1.331,5.517,0.0468,5.55,-4.537,1
965,107573,128.03,11,1,0,0.22,3.078,0.0468,5.55,-4.537,0
966,107582,136.02,9,1,0,0.175,3.821,0.0468,5.55,-4.537,0
967,107596,134.94,14,1,0,0.254,3.818,0.0468,5.55,-4.537,0
968,107622,140.35,26,1,0,0.294,4.46,0.0466,5.55,-4.537,0
969,107723,-15.03,101,0,23,0.534,2.537,0.0468,5.55,-4.539,1
970,108223,-32.2,500,0,3,4.282,4.162,0.0462,5.55,-4.546,0
971,108489,-40.41,266,0,69,3.608,3.897,0.0461,5.55,-4.55,1
972,108495,-7.71,6,0,5,3.6,3.859,0.0461,5.55,-4.55,1
973,108509,136.34,14,1,0,0.262,3.966,0.0461,5.55,-4.55,0
974,108542,-13.52,33,0,6,3.546,3.559,0.0458,5.55,-4.551,1
975,109042,-48.1,500,0,6,6.047,4.936,0.0458,5.55,-4.558,0
976,109060,18.63,18,0,5,1.407,4.36,0.0459,5.55,-4.558,1
977,109080,152.4,20,1,0,0.138,5.479,0.0459,5.55,-4.558,0
978,109580,-35.51,500,0,0,6.089,5.038,0.045,5.55,-4.565,0
979,109990,-26.03,410,0,22,1.378,3.824,0.045,5.55,-4.571,1
980,110010,2.14,20,0,9,1.467,3.581,0.0447,5.55,-4.572,1
981,110098,115.68,88,1,0,0.161,2.169,0.0628,5.55,-4.573,0
982,110305,-9.18,207,0,19,1.851,4.968,0.0569,5.55,-4.576,1
983,110805,-36.14,500,0,2,6.099,5.385,0.0513,5.55,-4.583,0
984,110864,141.88,59,1,2,0.283,5.166,0.051,5.55,-4.584,0
985,110870,-6.69,6,0,5,4.413,4.774,0.0509,5.55,-4.584,1
986,110918,0.1,48,0,17,1.092,4.342,0.0505,5.55,-4.585,1
987,110924,-5.36,6,0,5,2.809,3.303,0.0504,5.55,-4.585,1
988,111000,143.37,76,1,0,0.108,4.826,0.05,5.55,-4.586,0
989,111014,150.89,14,1,0,0.295,5.454,0.05,5.55,-4.586,0
990,111103,-22.39,89,0,19,2.26,3.466,0.0493,5.55,-4.587,1
991,111144,18.53,41,0,14,0.631,5.489,0.0491,5.55,-4.588,1
992,111644,-19.96,500,0,1,2.6,3.303,0.0486,5.55,-4.595,0
993,111654,134.03,10,1,0,0.163,3.616,0.0486,5.55,-4.595,0
994,111670,147.17,16,1,0,0.279,5.076,0.0486,5.55,-4.595,0
995,111678,0.77,8,0,5,2.585,3.702,0.0486,5.55,-4.595,1
996,111702,30.51,24,0,5,1.019,5.19,0.0485,5.55,-4.596,1
997,111728,4.79,26,0,8,2.47,4.679,0.0485,5.55,-4.596,1
998,111733,117.21,5,1,0,0.18,1.927,0.0485,5.55,-4.596,0
999,111749,135.68,16,1,0,0.273,3.92,0.0484,5.55,-4.596,0
1000,111755,117.91,6,1,0,0.274,2.095,0.0484,5.55,-4.596,0
1001,111792,133.18,37,1,0,0.286,3.789,0.0483,5.55,-4.597,0
1002,111806,137.51,14,1,2,0.276,4.497,0.0483,5.55,-4.597,0
1003,111824,145.34,18,1,0,0.296,4.92,0.0482,5.55,-4.597,0
1004,111845,126.29,21,1,3,0.244,3.578,0.0483,5.55,-4.598,0
1005,111856,129.63,11,1,0,0.289,3.307,0.0483,5.55,-4.598,0
1006,111865,123.48,9,1,0,0.205,2.598,0.0483,5.55,-4.598,0
1007,111894,148.21,29,1,0,0.269,5.235,0.0484,5.55,-4.598,0
1008,111914,134.47,20,1,1,0.224,3.971,0.0483,5.55,-4.599,0
1009,111930,147.04,16,1,0,0.294,5.078,0.0483,5.55,-4.599,0
1010,111947,-1.95,17,0,9,1.402,3.092,0.0483,5.55,-4.599,1
1011,112447,-21.6,500,0,0,4.953,5.293,0.0468,6.0,-4.606,0
1012,112455,121.42,8,1,0,0.278,2.46,0.0468,6.0,-4.607,0
1013,112470,14.38,15,0,7,2.089,5.002,0.0468,6.0,-4.607,1
1014,112489,-21.37,19,0,13,3.399,3.957,0.0468,6.0,-4.607,1
1015,112526,-22.61,37,0,7,2.986,2.309,0.0465,6.0,-4.608,1
1016,112679,-56.53,153,0,6,7.859,4.17,0.0467,6.0,-4.61,1
1017,112696,7.8,17,0,8,1.708,4.173,0.0465,6.0,-4.61,1
1018,112701,-10.25,5,0,5,4.565,4.565,0.0465,6.0,-4.61,1
1019,112714,135.93,13,1,0,0.122,3.78,0.0465,6.0,-4.61,0
1020,112759,22.05,45,0,5,2.222,5.652,0.0466,6.0,-4.611,1
1021,112777,14.23,18,0,8,1.91,5.022,0.0465,6.0,-4.611,1
1022,112808,148.11,31,1,0,0.244,5.209,0.0462,6.0,-4.612,0
1023,112902,-105.33,94,0,16,11.979,4.916,0.0463,6.0,-4.613,1
1024,112912,121.24,10,1,0,0.217,2.391,0.0463,6.0,-4.613,0
1025,113120,-38.99,208,0,13,5.071,4.812,0.0473,6.0,-4.616,1
1026,113137,9.47,17,0,8,0.361,2.992,0.0472,6.0,-4.616,1
1027,113637,-27.17,500,0,0,5.853,5.636,0.0461,6.0,-4.623,0
1028,113642,-10.25,5,0,5,2.928,2.928,0.0461,6.0,-4.623,1
1029,113645,112.26,3,1,0,0.15,1.391,0.0461,6.0,-4.623,0
1030,113657,135.81,12,1,0,0.207,3.848,0.0461,6.0,-4.624,0
1031,113744,93.05,87,1,8,0.262,1.602,0.0628,6.0,-4.625,0
1032,113807,-22.8,63,0,6,5.454,4.689,0.0607,6.0,-4.626,1
1033,114307,-27.54,500,0,1,5.456,5.402,0.0512,6.0,-4.633,0
1034,114320,136.79,13,1,0,0.162,3.906,0.051,6.0,-4.633,0
1035,114355,135.61,35,1,4,0.155,4.691,0.0506,6.0,-4.634,0
1036,114376,14.22,21,0,8,0.635,3.762,0.0503,6.0,-4.634,1
1037,114876,-5.59,500,0,7,2.32,5.66,0.0466,6.0,-4.641,0
1038,114888,-9.94,12,0,8,1.121,1.787,0.0466,6.0,-4.641,1
1039,114908,9.52,20,0,5,0.555,2.607,0.0465,6.0,-4.642,1
1040,115008,-12.52,100,0,5,2.105,2.353,0.046,6.0,-4.643,1
1041,115051,17.78,43,0,6,1.762,4.955,0.0458,6.0,-4.644,1
1042,115073,131.1,22,1,3,0.189,4.008,0.0457,6.0,-4.644,0
1043,115573,-34.58,500,0,0,3.565,2.607,0.0449,6.0,-4.651,0
1044,115728,-8.13,155,0,15,1.219,4.181,0.0446,6.0,-4.653,1
1045,115799,-5.56,71,0,13,1.425,3.824,0.0445,6.0,-4.654,1
1046,115868,-10.88,69,0,6,2.795,3.252,0.0443,6.0,-4.655,1
1047,115895,20.46,27,0,10,1.154,5.335,0.0444,6.0,-4.656,1
1048,115900,-10.25,5,0,5,4.562,4.562,0.0444,6.0,-4.656,1
1049,115911,8.48,11,0,5,0.943,2.846,0.0444,6.0,-4.656,1
1050,115927,147.57,16,1,0,0.168,5.004,0.0443,6.0,-4.656,0
1051,115938,-7.34,11,0,6,4.599,5.12,0.0443,6.0,-4.656,1
1052,116011,-11.06,73,0,11,2.602,4.061,0.0447,6.0,-4.657,1
1053,116060,147.82,49,1,1,0.101,5.329,0.0448,6.0,-4.658,0
1054,116083,145.42,23,1,0,0.201,4.858,0.0447,6.0,-4.658,0
1055,116583,-24.87,500,0,5,3.639,4.652,0.0448,6.0,-4.665,0
1056,117083,-37.45,500,0,9,2.734,3.29,0.0442,6.0,-4.673,0
1057,117121,-2.03,38,0,9,1.129,2.916,0.0443,6.0,-4.673,1
1058,117144,148.79,23,1,3,0.217,5.811,0.0443,6.0,-4.673,0
1059,117163,15.6,19,0,5,1.353,4.008,0.0444,6.0,-4.674,1
1060,117663,-15.51,500,0,14,1.803,5.552,0.0447,6.0,-4.681,0
1061,117680,144.87,17,1,0,0.209,4.781,0.0447,6.0,-4.681,0
1062,117707,-1.55,27,0,5,3.061,4.042,0.0446,6.0,-4.682,1
1063,117720,8.78,13,0,5,1.364,3.307,0.0445,6.0,-4.682,1
1064,117885,-4.22,165,0,16,1.006,4.409,0.0447,6.0,-4.684,1
1065,117954,-7.4,69,0,16,2.399,5.004,0.0451,6.0,-4.685,1
1066,118227,6.33,273,0,12,0.964,5.362,0.0455,6.0,-4.689,1
1067,118241,145.15,14,1,0,0.238,4.823,0.0457,6.0,-4.689,0
1068,118565,-34.4,324,0,9,3.67,3.65,0.0453,6.0,-4.694,1
1069,118582,152.25,17,1,0,0.16,5.47,0.0454,6.0,-4.694,0
1070,119082,-20.14,500,0,0,4.676,5.161,0.0458,6.0,-4.701,0
1071,119104,129.12,22,1,6,0.263,4.485,0.046,6.0,-4.701,0
1072,119215,-31.32,111,0,25,3.208,3.631,0.0458,6.0,-4.703,1
1073,119296,-11.51,81,0,12,3.985,5.638,0.0462,6.0,-4.704,1
1074,119365,-54.71,69,0,31,6.226,4.1,0.0464,6.0,-4.705,1
1075,119375,125.14,10,1,0,0.254,2.818,0.0464,6.0,-4.705,0
1076,119392,144.74,17,1,0,0.187,4.746,0.0464,6.0,-4.706,0
1077,119523,-17.34,131,0,16,1.423,3.344,0.0464,6.0,-4.707,1
1078,119535,-4.05,12,0,5,4.716,5.371,0.0465,6.0,-4.708,1
1079,119541,-14.74,6,0,5,5.104,4.66,0.0465,6.0,-4.708,1
1080,119565,151.68,24,1,0,0.256,5.544,0.0466,6.0,-4.708,0
1081,119590,153.27,25,1,0,0.299,5.751,0.0662,6.0,-4.708,0
1082,119619,3.58,29,0,5,2.012,3.515,0.0646,6.0,-4.709,1
1083,119629,-15.7,10,0,9,1.377,1.657,0.064,6.0,-4.709,1
1084,119679,112.54,50,1,0,0.258,1.762,0.0616,6.0,-4.71,0
1085,119773,-3.11,94,0,24,2.822,5.981,0.0583,6.0,-4.711,1
1086,119889,5.85,116,0,20,0.714,4.879,0.0555,6.0,-4.713,1
1087,119960,150.56,71,1,0,0.255,5.666,0.0543,6.0,-4.714,0
1088,119966,117.18,6,1,0,0.225,1.973,0.0542,6.0,-4.714,0
1089,120006,144.66,40,1,0,0.268,4.934,0.0535,6.0,-4.714,0
1090,120027,39.77,21,0,5,0.785,5.867,0.0532,6.0,-4.715,1
1091,120067,19.19,40,0,6,2.517,5.837,0.0526,6.0,-4.715,1
1092,120415,-38.86,348,0,23,3.796,4.65,0.0494,6.0,-4.72,1
1093,120915,-20.91,500,0,1,2.078,2.687,0.0466,6.0,-4.727,0
1094,120943,155.1,28,1,0,0.238,5.888,0.0465,6.0,-4.728,0
1095,121121,-46.56,178,0,26,6.092,5.327,0.0459,6.0,-4.73,1
1096,121181,14.33,60,0,9,1.978,5.511,0.0453,6.0,-4.731,1
1097,121204,29.55,23,0,6,1.692,5.962,0.0451,6.0,-4.731,1
1098,121236,153.6,32,1,0,0.194,5.714,0.045,6.0,-4.732,0
1099,121253,152.48,17,1,0,0.219,5.552,0.045,6.0,-4.732,0
1100,121291,-4.52,38,0,13,2.569,4.907,0.0447,6.0,-4.733,1
1101,121316,27.4,25,0,5,1.522,5.387,0.0446,6.0,-4.733,1
1102,121816,-25.02,500,0,14,2.953,5.751,0.044,6.0,-4.74,0
1103,122176,-20.18,360,0,36,1.629,4.412,0.0433,6.0,-4.745,1
1104,122208,-3.33,32,0,8,2.129,3.556,0.0432,6.0,-4.746,1
1105,122224,23.59,16,0,5,2.363,5.802,0.0432,6.0,-4.746,1
1106,122241,151.61,17,1,0,0.288,5.534,0.0432,6.0,-4.746,0
1107,122405,-27.13,164,0,8,4.222,3.929,0.0436,6.0,-4.749,1
1108,122905,-30.7,500,0,0,5.428,4.858,0.0436,6.0,-4.756,0
1109,122926,114.75,21,1,1,0.282,2.062,0.0437,6.0,-4.756,0
1110,123086,104.46,160,1,20,0.257,4.502,0.0437,6.0,-4.758,0
1111,123111,155.19,25,1,0,0.238,5.883,0.0437,6.0,-4.759,0
1112,123133,110.8,22,1,0,0.295,1.485,0.0435,6.0,-4.759,0
1113,123150,-5.8,17,0,11,1.506,3.21,0.0434,6.0,-4.759,1
1114,123525,125.08,375,1,4,0.208,5.392,0.0432,6.0,-4.765,0
1115,124025,-29.6,500,0,4,4.78,5.12,0.0427,6.0,-4.772,0
1116,124112,-1.4,87,0,8,2.62,4.515,0.0427,6.0,-4.773,1
1117,124205,-20.85,93,0,12,4.964,5.743,0.0424,6.0,-4.774,1
1118,124217,8.8,12,0,6,1.485,3.625,0.0424,6.0,-4.775,1
1119,124526,-19.1,309,0,14,2.988,5.423,0.0418,6.0,-4.779,1
1120,124557,149.34,31,1,2,0.205,5.694,0.0419,6.0,-4.779,0
1121,125057,-49.22,500,0,12,4.497,4.475,0.0429,6.0,-4.787,0
1122,125266,-8.82,209,0,5,4.781,5.943,0.043,6.0,-4.79,1
1123,125295,8.31,29,0,8,2.719,5.295,0.0428,6.0,-4.79,1
1124,125305,-4.03,10,0,6,3.258,4.105,0.0427,6.0,-4.79,1
1125,125313,-12.39,8,0,7,5.405,5.606,0.0427,6.0,-4.79,1
1126,125335,34.1,22,0,7,0.485,5.404,0.0427,6.0,-4.79,1
1127,125351,24.98,16,0,6,2.105,5.883,0.0428,6.0,-4.791,1
1128,125371,16.64,20,0,9,1.748,5.312,0.0429,6.0,-4.791,1
1129,125786,4.12,415,0,7,1.955,5.842,0.0427,6.0,-4.797,1
1130,125814,-8.46,28,0,14,2.614,4.708,0.0427,6.0,-4.797,1
1131,125889,6.83,75,0,20,0.753,4.812,0.0631,6.0,-4.798,1
1132,125977,130.66,88,1,7,0.286,5.192,0.0601,6.0,-4.8,0
1133,126052,12.45,75,0,9,2.55,5.97,0.0578,6.0,-4.801,1
1134,126057,115.01,5,1,0,0.243,1.768,0.0577,6.0,-4.801,0
1135,126060,107.97,3,1,0,0.259,1.071,0.0576,6.0,-4.801,0
1136,126560,-15.48,500,0,4,3.455,5.207,0.0502,6.0,-4.808,0
1137,126593,155.67,33,1,0,0.104,5.837,0.0499,6.0,-4.808,0
1138,127093,-25.42,500,0,1,5.198,5.356,0.0467,6.0,-4.816,0
1139,127254,2.12,161,0,10,1.289,4.306,0.0452,6.0,-4.818,1
1140,127754,-22.17,500,0,1,4.469,4.952,0.0418,6.0,-4.825,0
1141,127767,122.81,13,1,0,0.222,2.568,0.0417,6.0,-4.825,0
1142,127796,-19.77,29,0,14,1.201,2.169,0.0416,6.0,-4.826,1
1143,127815,22.82,19,0,7,1.128,4.904,0.0414,6.0,-4.826,1
1144,127833,151.16,18,1,0,0.204,5.41,0.0414,6.0,-4.826,0
1145,127857,137.64,24,1,4,0.223,4.907,0.0413,6.0,-4.827,0
1146,128357,-31.66,500,0,0,5.108,4.442,0.0407,6.0,-4.834,0
1147,128857,-25.44,500,0,0,4.018,3.974,0.0409,6.0,-4.841,0
1148,128986,146.72,129,1,0,0.225,5.542,0.0404,6.0,-4.843,0
1149,129486,-52.84,500,0,18,4.959,5.174,0.04,6.0,-4.85,0
1150,129986,-1.29,500,0,0,1.417,3.789,0.0396,6.0,-4.857,0
1151,130016,139.09,30,1,0,0.122,4.181,0.0396,6.0,-4.857,0
1152,130094,2.89,78,0,11,1.204,4.083,0.0395,6.0,-4.858,1
1153,130122,129.74,28,1,0,0.189,3.303,0.0396,6.0,-4.859,0
1154,130154,-14.03,32,0,11,3.107,4.064,0.0396,6.0,-4.859,1
1155,130161,-7.38,7,0,5,4.655,4.952,0.0397,6.0,-4.859,1
1156,130439,3.78,278,0,13,1.011,5.379,0.0402,6.0,-4.863,1
1157,130850,-12.68,411,0,12,2.665,5.852,0.0392,6.0,-4.869,1
1158,130889,19.09,39,0,13,0.65,5.354,0.0391,6.0,-4.87,1
1159,130898,127.57,9,1,0,0.25,3.052,0.039,6.0,-4.87,0
1160,130907,128.75,9,1,0,0.133,3.052,0.039,6.0,-4.87,0
1161,131045,-38.61,138,0,6,6.764,4.793,0.0392,6.0,-4.872,1
1162,131225,-27.28,180,0,9,1.345,1.316,0.0394,6.0,-4.875,1
1163,131321,3.12,96,0,16,1.057,4.849,0.0391,6.0,-4.876,1
1164,131390,124.98,69,1,1,0.288,3.331,0.0395,6.0,-4.877,0
1165,131890,-69.98,500,0,31,6.35,4.851,0.0389,6.0,-4.884,0
1166,132390,-20.82,500,0,0,3.774,4.192,0.0385,6.0,-4.891,0
1167,132407,10.62,17,0,6,0.626,2.974,0.0384,6.0,-4.892,1
1168,132440,-2.46,33,0,11,2.61,4.729,0.0383,6.0,-4.892,1
1169,132450,-0.95,10,0,5,0.882,1.837,0.0382,6.0,-4.892,1
1170,132459,129.42,9,1,0,0.234,3.221,0.0382,6.0,-4.892,0
1171,132476,125.0,17,1,0,0.285,2.87,0.0382,6.0,-4.893,0
1172,132976,-35.13,500,0,4,4.085,3.871,0.0382,6.0,-4.9,0
1173,133040,16.15,64,0,10,0.49,4.424,0.0382,6.0,-4.901,1
1174,133193,141.59,153,1,2,0.246,5.57,0.0385,6.0,-4.903,0
1175,133360,-14.54,167,0,11,0.879,2.46,0.0389,6.0,-4.905,1
1176,133384,133.55,24,1,0,0.208,3.683,0.0388,6.0,-4.905,0
1177,133636,-10.47,252,0,8,2.099,3.912,0.0395,6.0,-4.909,1
1178,133671,153.67,35,1,0,0.107,5.648,0.0398,6.0,-4.91,0
1179,133680,0.85,9,0,5,1.611,2.741,0.0398,6.0,-4.91,1
1180,134180,-30.93,500,0,8,3.133,4.141,0.0401,6.0,-4.917,0
1181,134215,143.69,35,1,0,0.144,4.689,0.0655,6.0,-4.917,0
1182,134221,-6.14,6,0,5,4.225,4.64,0.0652,6.0,-4.917,1
1183,134227,-7.0,6,0,5,3.497,3.827,0.0648,6.0,-4.918,1
1184,134264,21.67,37,0,11,1.037,5.588,0.0627,6.0,-4.918,1
1185,134269,-10.25,5,0,5,3.891,3.891,0.0624,6.0,-4.918,1
1186,134468,16.7,199,0,10,1.037,5.702,0.0559,6.0,-4.921,1
1187,134627,-7.13,159,0,13,2.772,5.454,0.0526,6.0,-4.923,1
1188,134632,-10.25,5,0,5,4.381,4.381,0.0525,6.0,-4.923,1
1189,134655,136.33,23,1,0,0.291,4.039,0.0521,6.0,-4.924,0
1190,134670,8.2,15,0,8,2.746,5.241,0.0519,6.0,-4.924,1
1191,134683,2.21,13,0,5,0.898,2.184,0.0517,6.0,-4.924,1
1192,134695,9.16,12,0,6,1.75,3.926,0.0515,6.0,-4.924,1
1193,135195,-12.86,500,0,0,3.715,4.93,0.046,6.0,-4.931,0
1194,135200,-10.25,5,0,5,5.678,5.678,0.046,6.0,-4.931,1
1195,135323,112.55,123,1,0,0.299,2.169,0.0447,6.0,-4.933,0
1196,135335,-11.67,12,0,6,5.312,5.404,0.0446,6.0,-4.933,1
1197,135347,135.47,12,1,0,0.229,3.836,0.0445,6.0,-4.934,0
1198,135481,99.46,134,1,12,0.274,3.29,0.0434,6.0,-4.935,0
1199,135569,102.59,88,1,13,0.19,3.489,0.043,6.0,-4.937,0
1200,135584,145.88,15,1,0,0.278,4.941,0.0429,6.0,-4.937,0
1201,135976,-12.81,392,0,34,1.562,5.241,0.041,6.0,-4.943,1
1202,136476,-33.76,500,0,1,5.306,4.631,0.0391,6.0,-4.95,0
1203,136959,-29.56,483,0,5,4.959,5.419,0.039,6.0,-4.957,1
1204,137012,14.35,53,0,17,1.198,5.898,0.0389,6.0,-4.957,1
1205,137024,145.65,12,1,0,0.236,4.861,0.0388,6.0,-4.957,0
1206,137047,114.12,23,1,1,0.296,2.024,0.0388,6.0,-4.958,0
1207,137058,144.71,11,1,0,0.172,4.698,0.0387,6.0,-4.958,0
1208,137115,22.97,57,0,7,1.289,5.271,0.0386,6.0,-4.959,1
1209,137124,129.74,9,1,0,0.163,3.182,0.0386,6.0,-4.959,0
1210,137135,142.67,11,1,0,0.25,4.572,0.0386,6.0,-4.959,0
1211,137158,136.47,23,1,5,0.192,4.955,0.0386,6.0,-4.959,0
1212,137258,-3.85,100,0,8,3.201,4.916,0.0384,6.0,-4.961,1
1213,137354,125.55,96,1,2,0.147,3.581,0.0386,6.0,-4.962,0
1214,137361,-4.08,7,0,5,2.81,3.437,0.0386,6.0,-4.962,1
1215,137861,-18.53,500,0,8,3.749,5.996,0.0385,6.0,-4.969,0
1216,137879,146.4,18,1,0,0.158,4.888,0.0385,6.0,-4.97,0
1217,137900,14.14,21,0,10,0.842,4.36,0.0386,6.0,-4.97,1
1218,137917,150.02,17,1,0,0.233,5.32,0.0388,6.0,-4.97,0
1219,137934,146.62,17,1,0,0.187,4.934,0.0389,6.0,-4.97,0
1220,137949,-29.42,15,0,7,6.852,5.385,0.0389,6.0,-4.971,1
1221,137962,139.18,13,1,0,0.168,4.152,0.0389,6.0,-4.971,0
1222,138009,16.64,47,0,5,2.639,5.538,0.039,6.0,-4.972,1
1223,138038,129.81,29,1,1,0.202,3.527,0.0391,6.0,-4.972,0
1224,138162,-14.13,124,0,13,3.224,5.031,0.0393,6.0,-4.974,1
1225,138184,10.34,22,0,9,1.25,4.195,0.0395,6.0,-4.974,1
1226,138295,140.2,111,1,0,0.269,4.844,0.0399,6.0,-4.976,0
1227,138310,130.24,15,1,2,0.266,3.765,0.0399,6.0,-4.976,0
1228,138328,22.12,18,0,5,2.694,5.996,0.04,6.0,-4.976,1
1229,138350,-13.19,22,0,8,4.772,5.164,0.0399,6.0,-4.976,1
1230,138386,2.7,36,0,5,2.087,3.537,0.0399,6.0,-4.977,1
1231,138401,-25.19,15,0,5,5.112,3.668,0.0668,6.0,-4.977,1
1232,138412,6.1,11,0,5,2.956,4.621,0.0661,6.0,-4.977,1
1233,138456,14.36,44,0,5,1.273,3.929,0.0638,6.0,-4.978,1
1234,138470,4.0,14,0,5,1.917,3.387,0.0631,6.0,-4.978,1
1235,138512,145.53,42,1,1,0.263,5.226,0.0613,6.0,-4.979,0
1236,138524,-21.79,12,0,5,6.529,5.41,0.0609,6.0,-4.979,1
1237,138541,126.92,17,1,2,0.237,3.414,0.0603,6.0,-4.979,0
1238,139041,-18.0,500,0,6,3.352,5.252,0.0503,6.0,-4.986,0
1239,139055,-2.73,14,0,8,0.371,1.768,0.0502,6.0,-4.986,1
1240,139092,123.52,37,1,11,0.254,4.991,0.0497,6.0,-4.987,0
1241,139108,138.62,16,1,1,0.221,4.363,0.0496,6.0,-4.987,0
1242,139134,114.63,26,1,0,0.269,1.861,0.0493,6.0,-4.988,0
1243,139251,-17.11,117,0,25,0.801,2.675,0.0481,6.0,-4.989,1
1244,139263,9.84,12,0,6,1.127,3.371,0.0479,6.0,-4.989,1
1245,139763,-37.33,500,0,3,6.5,5.867,0.0444,6.0,-4.997,0
1246,139796,153.91,33,1,0,0.265,5.821,0.0442,6.0,-4.997,0
1247,139811,143.43,15,1,3,0.285,5.303,0.0441,6.0,-4.997,0
1248,139866,18.93,55,0,11,1.005,5.373,0.0437,6.0,-4.998,1
1249,139909,132.07,43,1,2,0.296,4.119,0.0435,6.0,-4.999,0
1250,139997,129.93,88,1,2,0.05,3.883,0.043,6.0,-5.0,0
1251,140015,141.58,18,1,0,0.234,4.482,0.0429,6.0,-5.0,0
1252,140062,-30.36,47,0,13,4.775,4.574,0.0427,6.0,-5.001,1
1253,140075,15.44,13,0,5,1.259,3.868,0.0426,6.0,-5.001,1
1254,140091,0.71,16,0,9,2.501,4.452,0.0424,6.0,-5.001,1
1255,140098,119.57,7,1,0,0.218,2.21,0.0424,6.0,-5.001,0
1256,140598,-27.12,500,0,0,5.674,5.462,0.0408,6.0,-5.009,0
1257,140700,-2.24,102,0,13,1.881,4.767,0.0405,6.0,-5.01,1
1258,140835,128.04,135,1,2,0.281,4.16,0.04,6.0,-5.012,0
1259,140846,-1.31,11,0,5,3.036,3.96,0.0399,6.0,-5.012,1
1260,140868,18.7,22,0,6,2.04,5.22,0.0398,6.0,-5.012,1
1261,140913,120.8,45,1,2,0.069,2.774,0.0397,6.0,-5.013,0
1262,140919,-11.57,6,0,5,4.901,4.774,0.0397,6.0,-5.013,1
1263,140961,146.72,42,1,1,0.23,5.312,0.0395,6.0,-5.014,0
1264,141058,-3.43,97,0,15,0.9,4.042,0.039,6.0,-5.015,1
1265,141210,-13.33,152,0,9,2.538,3.765,0.0386,6.0,-5.017,1
1266,141710,-9.87,500,0,0,3.052,4.565,0.0374,6.0,-5.024,0
1267,141719,2.67,9,0,5,1.666,2.977,0.0374,6.0,-5.025,1
1268,141736,117.16,17,1,0,0.126,1.927,0.0374,6.0,-5.025,0
1269,142236,-36.21,500,0,5,5.328,5.207,0.0379,6.0,-5.032,0
1270,142581,-26.03,345,0,22,2.535,4.657,0.0385,6.0,-5.037,1
1271,142594,151.92,13,1,0,0.293,5.55,0.0385,6.0,-5.037,0
1272,142931,-35.39,337,0,8,3.432,3.178,0.0391,6.0,-5.042,1
1273,142984,117.53,53,1,0,0.267,2.285,0.0394,6.0,-5.043,0
1274,143484,-21.65,500,0,24,1.897,5.233,0.0386,6.0,-5.05,0
1275,143495,128.41,11,1,0,0.254,3.15,0.0387,6.0,-5.05,0
1276,143708,0.89,213,0,5,2.655,4.809,0.0384,6.0,-5.053,1
1277,143731,146.3,23,1,0,0.261,5.006,0.0383,6.0,-5.053,0
1278,143750,13.1,19,0,5,1.1,3.505,0.0383,6.0,-5.054,1
1279,143796,151.22,46,1,0,0.217,5.568,0.0382,6.0,-5.054,0
1280,143803,-4.3,7,0,5,3.075,3.68,0.0382,6.0,-5.054,1
1281,143826,-22.66,23,0,11,1.043,1.092,0.0662,6.0,-5.055,1
1282,143854,25.58,28,0,13,0.66,5.959,0.0644,6.0,-5.055,1
1283,143868,141.63,14,1,0,0.227,4.46,0.0638,6.0,-5.055,0
1284,143917,-22.66,49,0,5,5.64,4.618,0.0621,6.0,-5.056,1
1285,143998,135.86,81,1,0,0.286,4.277,0.0597,6.0,-5.057,0
1286,144007,-18.26,9,0,7,5.743,5.362,0.0594,6.0,-5.057,1
1287,144151,7.69,144,0,18,1.088,5.576,0.0553,6.0,-5.059,1
1288,144158,-4.7,7,0,5,4.678,5.244,0.0552,6.0,-5.059,1
1289,144184,-15.1,26,0,10,4.293,4.914,0.0546,6.0,-5.06,1
1290,144224,146.36,40,1,0,0.188,5.024,0.0537,6.0,-5.06,0
1291,144724,-52.37,500,0,53,2.951,3.214,0.0461,6.0,-5.067,0
1292,145224,-63.8,500,0,0,9.768,5.888,0.0412,6.0,-5.075,0
1293,145363,-17.02,139,0,42,1.074,3.067,0.0403,6.0,-5.077,1
1294,145380,10.78,17,0,8,3.171,5.934,0.0402,6.0,-5.077,1
1295,145880,-37.27,500,0,4,4.283,3.856,0.038,6.0,-5.084,0
1296,145890,129.88,10,1,0,0.213,3.252,0.038,6.0,-5.084,0
1297,145940,124.51,50,1,0,0.215,2.916,0.0378,6.0,-5.085,0
1298,146003,-43.7,63,0,8,6.579,4.124,0.0376,6.0,-5.086,1
1299,146009,120.77,6,1,0,0.27,2.376,0.0376,6.0,-5.086,0
1300,146032,-0.37,23,0,13,2.311,4.988,0.0376,6.0,-5.086,1
1301,146049,23.7,17,0,6,0.917,4.572,0.0376,6.0,-5.086,1
1302,146060,122.36,11,1,2,0.222,2.912,0.0375,6.0,-5.087,0
1303,146120,-3.67,60,0,9,2.727,4.46,0.0372,6.0,-5.087,1
1304,146135,150.92,15,1,0,0.184,5.352,0.0371,6.0,-5.088,0
1305,146148,-3.32,13,0,8,2.292,3.625,0.037,6.0,-5.088,1
1306,146260,109.88,112,1,17,0.298,4.847,0.0366,6.0,-5.089,0
1307,146266,-13.67,6,0,5,4.635,4.298,0.0366,6.0,-5.09,1
1308,146766,-22.25,500,0,7,2.198,3.874,0.0359,6.0,-5.097,0
1309,147266,-27.81,500,0,1,6.077,5.996,0.0357,6.0,-5.104,0
1310,147766,-21.23,500,0,0,5.058,5.435,0.0367,6.0,-5.111,0
1311,148266,-21.78,500,0,1,1.864,2.386,0.0362,6.0,-5.118,0
1312,148336,-11.77,70,0,16,1.888,4.061,0.0362,6.0,-5.119,1
1313,148349,135.74,13,1,1,0.222,4.061,0.0361,6.0,-5.119,0
1314,148386,136.85,37,1,5,0.274,5.144,0.0364,6.0,-5.12,0
1315,148415,22.17,29,0,5,2.007,5.369,0.0365,6.0,-5.12,1
1316,148420,-10.25,5,0,5,3.64,3.64,0.0366,6.0,-5.12,1
1317,148440,120.31,20,1,0,0.245,2.376,0.0368,6.0,-5.121,0
1318,148458,23.34,18,0,7,0.862,4.686,0.0368,6.0,-5.121,1
1319,148478,136.69,20,1,2,0.194,4.363,0.0369,6.0,-5.121,0
1320,148481,110.98,3,1,0,0.278,1.391,0.0369,6.0,-5.121,0
1321,148486,-10.25,5,0,5,4.918,4.918,0.0369,6.0,-5.121,1
1322,148753,137.39,267,1,0,0.152,5.226,0.0371,6.0,-5.125,0
1323,148769,150.22,16,1,0,0.139,5.241,0.0371,6.0,-5.125,0
1324,149269,4.59,500,0,5,1.092,5.051,0.0364,6.0,-5.132,0
1325,149416,-5.41,147,0,6,2.262,3.656,0.0361,6.0,-5.135,1
1326,149591,1.41,175,0,9,2.888,5.704,0.0362,6.0,-5.137,1
1327,149601,134.35,10,1,0,0.22,3.705,0.0363,6.0,-5.137,0
1328,149610,126.79,9,1,0,0.177,2.901,0.0363,6.0,-5.137,0
1329,149619,142.89,9,1,0,0.267,4.601,0.0363,6.0,-5.137,0
1330,149627,124.03,8,1,0,0.176,2.62,0.0363,6.0,-5.138,0
1331,149633,-6.4,6,0,5,1.253,1.643,0.0671,6.0,-5.138,1
1332,149660,11.95,27,0,7,1.819,4.55,0.0653,6.0,-5.138,1
1333,149713,25.51,53,0,7,1.642,5.858,0.0623,6.0,-5.139,1
1334,149729,-3.72,16,0,9,4.02,5.528,0.0614,6.0,-5.139,1
1335,149735,-13.55,6,0,5,4.747,4.422,0.0611,6.0,-5.139,1
1336,150235,-5.48,500,0,1,3.046,5.198,0.0495,6.0,-5.146,0
1337,150251,125.1,16,1,1,0.291,3.081,0.0493,6.0,-5.146,0
1338,150359,-13.99,108,0,15,2.219,4.36,0.0481,6.0,-5.148,1
1339,150859,-23.41,500,0,0,3.434,3.594,0.0434,6.0,-5.155,0
1340,150870,20.21,11,0,5,1.526,4.601,0.0433,6.0,-5.155,1
1341,151370,-11.86,500,0,1,2.635,4.149,0.0407,6.0,-5.162,0
1342,151389,117.58,19,1,0,0.126,1.979,0.0406,6.0,-5.163,0
1343,151397,-7.09,8,0,6,0.923,1.454,0.0405,6.0,-5.163,1
1344,151439,123.35,42,1,1,0.172,2.916,0.0402,6.0,-5.163,0
1345,151467,137.92,28,1,0,0.189,4.122,0.04,6.0,-5.164,0
1346,151491,139.6,24,1,5,0.236,5.316,0.0398,6.0,-5.164,0
1347,151502,16.63,11,0,5,2.393,5.111,0.0398,6.0,-5.164,1
1348,151575,-21.65,73,0,13,3.163,3.963,0.0394,6.0,-5.165,1
1349,151592,146.07,17,1,0,0.297,4.988,0.0393,6.0,-5.166,0
1350,152092,-18.45,500,0,0,5.327,5.981,0.0375,6.0,-5.173,0
1351,152110,139.55,18,1,1,0.289,4.535,0.0374,6.0,-5.173,0
1352,152134,128.53,24,1,1,0.283,3.457,0.0372,6.0,-5.173,0
1353,152197,148.64,63,1,1,0.077,5.456,0.0371,6.0,-5.174,0
1354,152216,28.17,19,0,6,0.353,4.465,0.037,6.0,-5.175,1
1355,152237,150.8,21,1,0,0.059,5.244,0.037,6.0,-5.175,0
1356,152258,126.71,21,1,1,0.269,3.245,0.0369,6.0,-5.175,0
1357,152307,151.29,49,1,0,0.281,5.654,0.0367,6.0,-5.176,0
1358,152382,-22.89,75,0,7,5.316,4.802,0.0364,6.0,-5.177,1
1359,152408,150.95,26,1,0,0.262,5.487,0.0364,6.0,-5.177,0
1360,152456,-2.99,48,0,14,2.882,5.622,0.0363,6.0,-5.178,1
1361,152956,-36.11,500,0,0,7.091,5.979,0.036,6.0,-5.185,0
1362,152988,-12.5,32,0,8,4.532,5.042,0.0358,6.0,-5.186,1
1363,153046,136.7,58,1,0,0.227,4.187,0.0357,6.0,-5.186,0
1364,153059,140.81,13,1,0,0.227,4.373,0.0356,6.0,-5.187,0
1365,153070,133.03,11,1,0,0.298,3.656,0.0356,6.0,-5.187,0
1366,153570,-22.08,500,0,5,2.082,3.374,0.0359,6.0,-5.194,0
1367,153594,15.12,24,0,8,1.034,4.266,0.0358,6.0,-5.194,1
1368,153676,106.06,82,1,0,0.127,1.142,0.0359,6.0,-5.195,0
1369,153688,-6.6,12,0,6,3.739,4.34,0.0359,6.0,-5.196,1
1370,153703,146.98,15,1,0,0.214,4.986,0.0359,6.0,-5.196,0
1371,153715,10.61,12,0,5,2.25,4.371,0.036,6.0,-5.196,1
1372,153727,123.18,12,1,0,0.297,2.675,0.0361,6.0,-5.196,0
1373,153992,122.25,265,1,9,0.184,5.534,0.0365,6.0,-5.2,0
1374,153999,117.7,7,1,0,0.29,2.095,0.0365,6.0,-5.2,0
1375,154056,133.18,57,1,9,0.157,5.56,0.0366,6.0,-5.201,0
1376,154076,130.74,20,1,2,0.233,3.807,0.0367,6.0,-5.201,0
1377,154091,145.69,15,1,0,0.214,4.858,0.0367,6.0,-5.201,0
1378,154101,-16.96,10,0,9,5.158,5.312,0.0366,6.0,-5.201,1
1379,154110,130.07,9,1,0,0.245,3.297,0.0366,6.0,-5.202,0
1380,154610,-37.87,500,0,11,3.689,4.601,0.0358,6.0,-5.209,0
1381,154619,128.59,9,1,0,0.089,2.992,0.0669,6.0,-5.209,0
1382,154629,-7.97,10,0,5,4.794,5.047,0.0665,6.0,-5.209,1
1383,154635,-8.15,6,0,5,1.329,1.544,0.0661,6.0,-5.209,1
1384,154645,-0.44,10,0,6,1.519,2.725,0.0654,6.0,-5.209,1
1385,154653,-14.5,8,0,5,3.947,3.537,0.0649,6.0,-5.209,1
1386,154804,124.34,151,1,4,0.184,4.173,0.0588,6.0,-5.211,0
1387,154816,4.05,12,0,5,2.989,4.455,0.0585,6.0,-5.212,1
1388,154921,-145.43,105,0,8,18.283,5.865,0.0555,6.0,-5.213,1
1389,154933,-3.95,12,0,7,3.858,4.923,0.0552,6.0,-5.213,1
1390,154938,-10.25,5,0,5,4.522,4.522,0.0551,6.0,-5.213,1
1391,154954,15.84,16,0,6,2.22,5.085,0.0547,6.0,-5.214,1
1392,154963,5.91,9,0,5,2.919,4.555,0.0546,6.0,-5.214,1
1393,154978,28.13,15,0,5,2.076,5.964,0.0543,6.0,-5.214,1
1394,155478,-16.41,500,0,43,0.643,4.502,0.0463,6.0,-5.221,0
1395,155507,13.89,29,0,7,0.578,3.511,0.0461,6.0,-5.222,1
1396,156007,-34.71,500,0,3,3.233,2.862,0.0411,6.0,-5.229,0
1397,156024,5.22,17,0,6,2.79,4.596,0.041,6.0,-5.229,1
1398,156043,148.36,19,1,0,0.258,5.19,0.0409,6.0,-5.229,0
1399,156053,103.91,10,1,4,0.206,1.447,0.0408,6.0,-5.229,0
1400,156118,-3.27,65,0,11,1.697,3.894,0.0403,6.0,-5.23,1
1401,156618,-20.89,500,0,13,1.167,4.179,0.0375,5.7,-5.237,0
1402,156630,137.11,12,1,0,0.12,3.891,0.0374,5.7,-5.238,0
1403,156637,-14.98,7,0,6,5.285,5.022,0.0374,5.7,-5.238,1
1404,156659,26.04,22,0,5,1.521,5.235,0.0373,5.7,-5.238,1
1405,156670,110.24,11,1,0,0.211,1.29,0.0373,5.7,-5.238,0
1406,156712,6.98,42,0,7,0.643,2.951,0.0371,5.7,-5.239,1
1407,156811,-40.13,99,0,21,4.086,3.569,0.0365,5.7,-5.24,1
1408,156816,121.74,5,1,0,0.247,2.446,0.0365,5.7,-5.24,0
1409,157135,-37.42,319,0,29,4.74,5.592,0.0354,5.7,-5.245,1
1410,157145,-4.62,10,0,7,2.159,3.146,0.0354,5.7,-5.245,1
1411,157159,19.06,14,0,5,2.426,5.402,0.0355,5.7,-5.245,1
1412,157177,153.02,18,1,0,0.245,5.636,0.0354,5.7,-5.245,0
1413,157195,-22.88,18,0,6,5.986,4.988,0.0353,5.7,-5.246,1
1414,157250,142.08,55,1,0,0.298,4.781,0.0351,5.7,-5.246,0
1415,157258,102.39,8,1,3,0.182,1.061,0.0351,5.7,-5.247,0
1416,157311,-5.78,53,0,9,1.857,3.344,0.0349,5.7,-5.247,1
1417,157616,122.7,305,1,8,0.299,5.694,0.0348,5.7,-5.252,0
1418,157649,136.73,33,1,0,0.242,4.08,0.0347,5.7,-5.252,0
1419,157657,127.85,8,1,0,0.285,3.11,0.0346,5.7,-5.252,0
1420,158157,-32.83,500,0,12,1.045,2.662,0.034,5.7,-5.259,0
1421,158208,125.87,51,1,0,0.279,3.121,0.0338,5.7,-5.26,0
1422,158466,-25.79,258,0,17,3.751,5.462,0.0334,5.7,-5.264,1
1423,158966,-27.8,500,0,9,0.794,2.314,0.0333,5.7,-5.271,0
1424,158989,16.63,23,0,8,1.299,4.677,0.0333,5.7,-5.271,1
1425,159018,6.23,29,0,9,2.109,4.677,0.0331,5.7,-5.272,1
1426,159103,-1.99,85,0,6,3.37,4.795,0.033,5.7,-5.273,1
1427,159121,140.74,18,1,0,0.232,4.396,0.033,5.7,-5.273,0
1428,159150,111.15,29,1,3,0.293,2.153,0.0331,5.7,-5.274,0
1429,159200,-31.51,50,0,15,4.583,4.681,0.0329,5.7,-5.274,1
1430,159220,142.44,20,1,0,0.206,4.55,0.0328,5.7,-5.275,0
1431,159234,13.67,14,0,5,1.013,3.45,0.0667,5.7,-5.275,1
1432,159239,-10.25,5,0,5,3.762,3.762,0.0665,5.7,-5.275,1
1433,159244,-10.25,5,0,5,4.652,4.652,0.0662,5.7,-5.275,1
1434,159313,138.78,69,1,0,0.186,4.409,0.0622,5.7,-5.276,0
1435,159329,133.16,16,1,0,0.269,3.665,0.0614,5.7,-5.276,0
1436,159339,-7.85,10,0,5,4.778,5.042,0.061,5.7,-5.276,1
1437,159344,113.66,5,1,0,0.292,1.684,0.0609,5.7,-5.276,0
1438,159356,7.38,12,0,6,0.587,2.585,0.0605,5.7,-5.277,1
1439,159367,-14.31,11,0,9,3.293,3.717,0.0601,5.7,-5.277,1
1440,159389,149.22,22,1,0,0.237,5.269,0.0593,5.7,-5.277,0
1441,159889,-43.67,500,0,20,3.038,4.17,0.0489,5.7,-5.284,0
1442,159930,22.3,41,0,10,0.851,5.286,0.0483,5.7,-5.285,1
1443,159971,-7.16,41,0,14,1.547,3.836,0.0477,5.7,-5.285,1
1444,159978,-0.38,7,0,5,1.021,2.018,0.0477,5.7,-5.285,1
1445,160339,-5.99,361,0,16,0.903,5.109,0.0434,5.7,-5.291,1
1446,160356,152.31,17,1,0,0.129,5.446,0.0433,5.7,-5.291,0
1447,160533,-13.64,177,0,21,0.909,3.43,0.0417,5.7,-5.293,1
1448,160545,119.25,12,1,0,0.27,2.255,0.0416,5.7,-5.293,0
1449,160567,124.27,22,1,5,0.272,3.81,0.0415,5.7,-5.294,0
1450,160734,-23.66,167,0,6,3.29,2.958,0.0402,5.7,-5.296,1
1451,160749,140.31,15,1,1,0.176,4.482,0.0401,5.7,-5.296,0
1452,160761,143.74,12,1,0,0.285,4.72,0.04,5.7,-5.297,0
1453,160787,140.07,26,1,4,0.14,5.078,0.0398,5.7,-5.297,0
1454,161044,136.91,257,1,0,0.274,5.25,0.0386,5.7,-5.301,0
1455,161064,128.76,20,1,0,0.12,3.096,0.0385,5.7,-5.301,0
1456,161480,-42.14,416,0,29,3.404,4.269,0.0361,5.7,-5.307,1
1457,161520,109.73,40,1,0,0.242,1.415,0.0359,5.7,-5.307,0
1458,161544,152.64,24,1,0,0.218,5.602,0.0358,5.7,-5.308,0
1459,161564,121.33,20,1,0,0.282,2.514,0.0357,5.7,-5.308,0
1460,161589,140.06,25,1,1,0.251,4.582,0.0356,5.7,-5.308,0
1461,161602,139.66,13,1,0,0.204,4.235,0.0355,5.7,-5.309,0
1462,161616,129.64,14,1,1,0.294,3.527,0.0354,5.7,-5.309,0
1463,161640,31.17,24,0,8,0.468,5.305,0.0353,5.7,-5.309,1
1464,161645,-10.25,5,0,5,4.298,4.298,0.0352,5.7,-5.309,1
1465,161813,9.7,168,0,8,2.157,5.566,0.0346,5.7,-5.312,1
1466,161916,133.74,103,1,0,0.263,4.152,0.0342,5.7,-5.313,0
1467,162028,16.91,112,0,13,0.603,5.454,0.0338,5.7,-5.315,1
1468,162047,9.69,19,0,9,2.511,5.375,0.0338,5.7,-5.315,1
1469,162311,114.38,264,1,0,0.264,3.022,0.0333,5.7,-5.319,0
1470,162329,21.17,18,0,5,1.462,4.669,0.0333,5.7,-5.319,1
1471,162338,-11.34,9,0,6,2.421,2.532,0.0333,5.7,-5.319,1
1472,162341,111.29,3,1,0,0.173,1.316,0.0333,5.7,-5.319,0
1473,162363,122.09,22,1,0,0.249,2.568,0.0334,5.7,-5.319,0
1474,162392,123.79,29,1,0,0.23,2.754,0.0333,5.7,-5.32,0
1475,162892,-23.97,500,0,5,4.293,5.396,0.033,5.7,-5.327,0
1476,163392,-12.36,500,0,7,2.797,5.46,0.0335,5.7,-5.334,0
1477,163429,13.92,37,0,17,0.988,5.564,0.0336,5.7,-5.335,1
1478,163495,-7.99,66,0,9,0.817,2.148,0.0337,5.7,-5.336,1
1479,163500,-10.25,5,0,5,4.557,4.557,0.0337,5.7,-5.336,1
1480,163509,123.12,9,1,1,0.205,2.762,0.0337,5.7,-5.336,0
1481,163545,-1.51,36,0,5,2.177,3.207,0.0654,5.7,-5.336,1
1482,163562,33.56,17,0,5,0.601,5.042,0.0644,5.7,-5.337,1
1483,163583,19.63,21,0,6,0.588,3.856,0.0634,5.7,-5.337,1
1484,163616,13.89,33,0,5,1.009,3.562,0.062,5.7,-5.337,1
1485,163631,-14.15,15,0,8,5.077,5.337,0.0616,5.7,-5.338,1
1486,163649,-32.14,18,0,6,5.381,3.457,0.0608,5.7,-5.338,1
1487,163708,107.35,59,1,1,0.277,1.507,0.0589,5.7,-5.339,0
1488,163719,7.41,11,0,5,2.914,4.71,0.0586,5.7,-5.339,1
1489,163806,113.38,87,1,4,0.233,2.806,0.0562,5.7,-5.34,0
1490,163835,130.93,29,1,3,0.256,4.094,0.0555,5.7,-5.341,0
1491,163844,1.69,9,0,5,2.301,3.515,0.0553,5.7,-5.341,1
1492,163866,136.68,22,1,6,0.289,5.267,0.0548,5.7,-5.341,0
1493,163896,119.7,30,1,0,0.228,2.348,0.0542,5.7,-5.341,0
1494,163913,1.45,17,0,9,2.088,4.119,0.0538,5.7,-5.342,1
1495,163945,-34.2,32,0,12,6.067,5.207,0.0532,5.7,-5.342,1
1496,163955,-10.39,10,0,6,4.732,4.943,0.053,5.7,-5.342,1
1497,164358,121.93,403,1,5,0.271,5.479,0.0464,5.7,-5.348,0
1498,164365,-4.39,7,0,5,0.694,1.29,0.0463,5.7,-5.348,1
1499,164388,126.74,23,1,1,0.287,3.276,0.0459,5.7,-5.348,0
1500,164888,-39.53,500,0,0,6.227,4.774,0.0412,5.7,-5.356,0
1501,165388,-16.21,500,0,23,0.715,4.594,0.0376,5.7,-5.363,0
1502,165413,118.39,25,1,2,0.298,2.662,0.0375,5.7,-5.363,0
1503,165463,144.17,50,1,0,0.294,4.961,0.0369,5.7,-5.364,0
1504,165624,112.22,161,1,9,0.292,4.119,0.0362,5.7,-5.366,0
1505,165650,138.65,26,1,0,0.275,4.269,0.036,5.7,-5.366,0
1506,165668,-15.61,18,0,7,5.342,5.271,0.036,5.7,-5.367,1
1507,165706,106.09,38,1,3,0.223,1.622,0.0358,5.7,-5.367,0
1508,165726,-1.46,20,0,7,1.994,3.347,0.0357,5.7,-5.368,1
1509,165775,12.56,49,0,5,1.828,4.329,0.0354,5.7,-5.368,1
1510,165789,139.76,14,1,0,0.143,4.189,0.0354,5.7,-5.368,0
1511,165810,145.62,21,1,2,0.261,5.329,0.0353,5.7,-5.369,0
1512,165850,6.19,40,0,9,0.473,3.092,0.035,5.7,-5.369,1
1513,165865,17.4,15,0,6,2.396,5.41,0.035,5.7,-5.37,1
1514,165873,117.24,8,1,0,0.209,1.973,0.035,5.7,-5.37,0
1515,165995,4.53,122,0,8,2.085,4.748,0.0345,5.7,-5.371,1
1516,166012,140.26,17,1,0,0.198,4.308,0.0344,5.7,-5.372,0
1517,166032,11.87,20,0,9,2.283,5.371,0.0343,5.7,-5.372,1
1518,166041,110.93,9,1,0,0.178,1.316,0.0343,5.7,-5.372,0
1519,166541,-32.63,500,0,1,5.494,4.932,0.0337,5.7,-5.379,0
1520,166585,27.79,44,0,6,1.399,5.598,0.0337,5.7,-5.38,1
1521,167085,-28.91,500,0,0,3.857,3.466,0.0346,5.7,-5.387,0
1522,167095,-2.81,10,0,6,3.819,4.788,0.0346,5.7,-5.387,1
1523,167103,-10.16,8,0,5,2.251,2.275,0.0346,5.7,-5.387,1
1524,167129,137.91,26,1,5,0.288,5.209,0.0346,5.7,-5.388,0
1525,167217,82.45,88,1,24,0.277,1.962,0.0349,5.7,-5.389,0
1526,167249,24.69,32,0,7,0.911,4.941,0.0347,5.7,-5.389,1
1527,167749,-24.34,500,0,0,2.553,2.62,0.0342,5.7,-5.396,0
1528,167766,8.53,17,0,6,3.299,5.437,0.0341,5.7,-5.397,1
1529,167804,136.34,38,1,4,0.258,4.881,0.0339,5.7,-5.397,0
1530,167809,-10.25,5,0,5,3.453,3.453,0.0338,5.7,-5.397,1
1531,167816,121.42,7,1,0,0.237,2.414,0.067,5.7,-5.397,0
1532,167822,-6.64,6,0,5,4.353,4.72,0.0667,5.7,-5.397,1
1533,167830,-1.03,8,0,5,1.608,2.546,0.0662,5.7,-5.398,1
1534,167839,3.75,9,0,5,2.437,3.856,0.0656,5.7,-5.398,1
1535,168339,-32.93,500,0,12,2.722,4.329,0.0507,5.7,-5.405,0
1536,168348,-5.45,9,0,5,3.438,3.937,0.0506,5.7,-5.405,1
1537,168369,14.07,21,0,8,1.769,4.881,0.0504,5.7,-5.405,1
1538,168403,4.43,34,0,7,1.54,3.553,0.0498,5.7,-5.406,1
1539,168903,-31.32,500,0,0,5.639,5.006,0.0432,5.7,-5.413,0
1540,168908,-10.25,5,0,5,1.29,1.29,0.0432,5.7,-5.413,1
1541,169408,-33.5,500,0,0,6.491,5.64,0.039,5.7,-5.42,0
1542,169427,10.88,19,0,8,0.731,3.515,0.0389,5.7,-5.42,1
1543,169449,144.48,22,1,0,0.291,4.849,0.0387,5.7,-5.421,0
1544,169455,-6.75,6,0,5,4.433,4.788,0.0386,5.7,-5.421,1
1545,169851,-35.36,396,0,45,1.15,2.594,0.0359,5.7,-5.426,1
1546,169858,-2.26,7,0,5,3.033,3.842,0.0359,5.7,-5.427,1
1547,169869,-1.53,11,0,5,4.776,5.678,0.0358,5.7,-5.427,1
1548,169883,5.63,14,0,7,2.379,4.412,0.0357,5.7,-5.427,1
1549,170051,-1.53,168,0,11,2.033,4.92,0.035,5.7,-5.429,1
1550,170073,136.6,22,1,0,0.244,4.014,0.035,5.7,-5.43,0
1551,170087,150.39,14,1,0,0.192,5.301,0.0349,5.41,-5.43,0
1552,170108,146.18,21,1,0,0.243,4.966,0.0348,5.41,-5.43,0
1553,170121,8.63,13,0,6,1.216,3.344,0.0348,5.41,-5.43,1
1554,170152,138.98,31,1,1,0.2,4.452,0.0346,5.41,-5.431,0
1555,170165,134.62,13,1,0,0.297,3.824,0.0346,5.41,-5.431,0
1556,170665,-28.75,500,0,3,4.169,4.394,0.0337,5.41,-5.438,0
1557,170763,-0.19,98,0,20,0.514,3.986,0.0334,5.41,-5.439,1
1558,170779,26.45,16,0,5,0.605,4.329,0.0333,5.41,-5.44,1
1559,170794,145.71,15,1,0,0.135,4.781,0.0333,5.41,-5.44,0
1560,170804,3.35,10,0,5,3.867,5.252,0.0332,5.41,-5.44,1
1561,171004,131.7,200,1,4,0.278,5.248,0.0325,5.41,-5.443,0
1562,171009,-10.25,5,0,5,4.957,4.957,0.0325,5.41,-5.443,1
1563,171020,0.43,11,0,5,2.759,3.856,0.0325,5.41,-5.443,1
1564,171035,16.62,15,0,6,1.664,4.601,0.0325,5.41,-5.443,1
1565,171535,-15.74,500,0,1,3.237,4.363,0.0327,5.41,-5.45,0
1566,171542,114.69,7,1,0,0.226,1.73,0.0327,5.41,-5.451,0
1567,171553,11.87,11,0,5,1.827,4.069,0.0328,5.41,-5.451,1
1568,171564,2.41,11,0,5,1.298,2.594,0.0329,5.41,-5.451,1
1569,171586,-26.58,22,0,12,5.466,5.318,0.0328,5.41,-5.451,1
1570,171742,5.31,156,0,22,0.947,5.259,0.0324,5.41,-5.453,1
1571,171748,125.15,6,1,0,0.261,2.806,0.0324,5.41,-5.454,0
1572,171779,13.62,31,0,5,2.776,5.293,0.0325,5.41,-5.454,1
1573,172279,-30.94,500,0,1,3.909,3.515,0.0322,5.41,-5.461,0
1574,172307,142.09,28,1,0,0.262,4.611,0.0322,5.41,-5.462,0
1575,172312,-10.25,5,0,5,4.256,4.256,0.0322,5.41,-5.462,1
1576,172355,14.31,43,0,7,1.427,4.472,0.0323,5.41,-5.462,1
1577,172381,147.38,26,1,1,0.248,5.316,0.0322,5.41,-5.463,0
1578,172489,2.27,108,0,11,1.743,4.71,0.032,5.41,-5.464,1
1579,172710,-20.6,221,0,32,0.438,2.483,0.0321,5.41,-5.467,1
1580,172723,126.78,13,1,0,0.239,2.981,0.0322,5.41,-5.467,0
1581,172759,-38.43,36,0,15,5.402,4.739,0.0659,5.41,-5.468,1
1582,172784,-17.91,25,0,16,2.301,3.634,0.0639,5.41,-5.468,1
1583,172858,128.62,74,1,0,0.276,3.508,0.0605,5.41,-5.469,0
1584,172866,0.58,8,0,5,4.105,5.203,0.0602,5.41,-5.47,1
1585,172872,-8.31,6,0,5,3.527,3.726,0.0601,5.41,-5.47,1
1586,172880,-11.96,8,0,5,5.468,5.312,0.0598,5.41,-5.47,1
1587,172886,-6.27,6,0,5,1.827,2.23,0.0596,5.41,-5.47,1
1588,173314,95.75,428,1,16,0.201,4.916,0.0494,5.41,-5.476,0
1589,173331,146.74,17,1,0,0.247,5.006,0.0492,5.41,-5.476,0
1590,173338,111.27,7,1,1,0.288,1.65,0.0491,5.41,-5.476,0
1591,173838,-51.27,500,0,28,3.317,3.69,0.0427,5.41,-5.483,0
1592,173961,2.71,123,0,14,0.816,4.502,0.0415,5.41,-5.485,1
1593,173988,142.46,27,1,0,0.294,4.674,0.0413,5.41,-5.486,0
1594,174001,1.42,13,0,6,1.148,2.554,0.0412,5.41,-5.486,1
1595,174007,-6.23,6,0,5,3.484,3.891,0.0411,5.41,-5.486,1
1596,174031,148.55,24,1,0,0.285,5.261,0.0409,5.41,-5.486,0
1597,174531,-47.75,500,0,17,2.689,3.414,0.0373,5.41,-5.493,0
1598,174546,130.34,15,1,0,0.279,3.387,0.0372,5.41,-5.494,0
1599,174600,146.3,54,1,0,0.281,5.181,0.0369,5.41,-5.494,0
1600,174608,-8.68,8,0,6,3.094,3.466,0.0368,5.41,-5.494,1
1601,174625,141.07,17,1,0,0.273,4.465,0.0367,5.41,-5.495,0
1602,174652,137.41,27,1,0,0.16,4.036,0.0364,5.41,-5.495,0
1603,174668,-8.53,16,0,7,2.662,3.29,0.0363,5.41,-5.495,1
1604,174702,139.54,34,1,0,0.28,4.404,0.0361,5.41,-5.496,0
1605,174859,102.7,157,1,3,0.248,1.903,0.0353,5.41,-5.498,0
1606,174908,142.17,49,1,0,0.267,4.729,0.035,5.41,-5.499,0
1607,174923,139.53,15,1,0,0.225,4.253,0.035,5.41,-5.499,0
1608,174999,-28.78,76,0,21,4.808,5.31,0.0347,5.41,-5.5,1
1609,175182,114.13,183,1,0,0.266,2.594,0.0337,5.41,-5.503,0
1610,175245,113.54,63,1,8,0.284,3.553,0.0336,5.41,-5.503,0
1611,175388,-33.42,143,0,20,4.267,4.64,0.0333,5.41,-5.506,1
1612,175408,-9.1,20,0,7,1.594,2.184,0.0332,5.41,-5.506,1
1613,175460,-22.76,52,0,22,0.989,1.973,0.0331,5.41,-5.507,1
1614,175960,-25.68,500,0,9,3.469,5.2,0.0319,5.41,-5.514,0
1615,175988,-4.21,28,0,9,3.431,4.95,0.032,5.41,-5.514,1
1616,176488,-33.25,500,0,2,4.91,4.485,0.0314,5.41,-5.521,0
1617,176493,-10.25,5,0,5,2.27,2.27,0.0314,5.41,-5.521,1
1618,176498,117.38,5,1,0,0.17,1.933,0.0314,5.41,-5.521,0
1619,176504,114.9,6,1,0,0.286,1.806,0.0314,5.41,-5.521,0
1620,176591,131.75,87,1,7,0.291,5.301,0.0311,5.41,-5.523,0
1621,176632,7.05,41,0,8,1.216,3.726,0.0311,5.41,-5.523,1
1622,176654,10.73,22,0,8,1.486,4.269,0.031,5.41,-5.524,1
1623,176669,143.57,15,1,0,0.242,4.674,0.031,5.41,-5.524,0
1624,176697,23.31,28,0,10,0.845,5.316,0.031,5.41,-5.524,1
1625,176702,-10.25,5,0,5,1.768,1.768,0.031,5.41,-5.524,1
1626,176731,-8.03,29,0,19,0.711,3.052,0.0312,5.41,-5.525,1
1627,176757,148.3,26,1,0,0.255,5.216,0.0313,5.41,-5.525,0
1628,176769,12.47,12,0,5,1.256,3.562,0.0312,5.41,-5.525,1
1629,177269,-15.02,500,0,13,0.647,4.245,0.0315,5.41,-5.532,0
1630,177489,18.97,220,0,5,1.372,5.369,0.032,5.41,-5.536,1
1631,177531,25.31,42,0,10,0.355,5.096,0.0653,5.41,-5.536,1
1632,177540,119.26,9,1,1,0.118,2.29,0.0648,5.41,-5.536,0
1633,177555,116.13,15,1,0,0.143,1.831,0.0641,5.41,-5.537,0
1634,177576,-9.8,21,0,13,2.777,4.502,0.063,5.41,-5.537,1
1635,177581,-10.25,5,0,5,5.278,5.278,0.0627,5.41,-5.537,1
1636,177754,114.35,173,1,6,0.174,3.674,0.0567,5.41,-5.539,0
1637,177772,146.47,18,1,1,0.279,5.216,0.0563,5.41,-5.54,0
1638,177811,137.85,39,1,0,0.247,4.227,0.0551,5.41,-5.54,0
1639,177975,-45.49,164,0,49,5.061,4.332,0.0516,5.41,-5.543,1
1640,177980,-10.25,5,0,5,3.753,3.753,0.0515,5.41,-5.543,1
1641,178480,-7.26,500,0,3,1.497,3.871,0.0437,5.41,-5.55,0
1642,178491,107.04,11,1,3,0.126,1.485,0.0436,5.41,-5.55,0
1643,178636,-28.23,145,0,21,4.397,5.299,0.042,5.41,-5.552,1
1644,178650,144.31,14,1,0,0.123,4.623,0.0419,5.41,-5.552,0
1645,178760,137.67,110,1,0,0.279,4.596,0.0407,5.41,-5.554,0
1646,178788,125.86,28,1,6,0.298,4.224,0.0404,5.41,-5.554,0
1647,178850,-7.9,62,0,6,1.086,1.806,0.0398,5.41,-5.555,1
1648,178865,143.21,15,1,0,0.266,4.662,0.0397,5.41,-5.555,0
1649,178900,149.65,35,1,0,0.26,5.4,0.0394,5.41,-5.556,0
1650,179400,-31.11,500,0,0,5.601,4.991,0.0364,5.41,-5.563,0
1651,179440,139.45,40,1,0,0.06,4.205,0.0361,5.41,-5.563,0
1652,179450,129.2,10,1,0,0.215,3.186,0.036,5.41,-5.564,0
1653,179473,-10.95,23,0,7,4.364,4.784,0.0358,5.41,-5.564,1
1654,179492,145.28,19,1,1,0.272,5.096,0.0357,5.41,-5.564,0
1655,179505,26.61,13,0,5,1.584,5.31,0.0356,5.41,-5.564,1
1656,179530,125.53,25,1,0,0.295,2.974,0.0355,5.41,-5.565,0
1657,179651,141.9,121,1,1,0.208,5.203,0.0346,5.41,-5.566,0
1658,179675,3.21,24,0,6,3.361,5.002,0.0344,5.41,-5.567,1
1659,179680,-10.25,5,0,5,4.028,4.028,0.0344,5.41,-5.567,1
1660,179700,22.1,20,0,6,1.867,5.377,0.0343,5.41,-5.567,1
1661,179755,8.29,55,0,8,1.951,4.655,0.034,5.41,-5.568,1
1662,179770,147.21,15,1,0,0.219,5.015,0.0339,5.41,-5.568,0
1663,179820,-13.99,50,0,5,4.378,4.229,0.0337,5.41,-5.569,1
1664,179885,124.63,65,1,0,0.235,3.022,0.0335,5.41,-5.57,0
1665,180385,-22.57,500,0,7,2.169,3.812,0.0315,5.41,-5.577,0
1666,180412,3.08,27,0,8,1.354,3.397,0.0314,5.41,-5.577,1
1667,180912,-67.97,500,0,9,5.95,3.453,0.0306,5.41,-5.584,0
1668,180926,145.65,14,1,0,0.232,4.867,0.0305,5.41,-5.585,0
1669,180943,125.45,17,1,0,0.074,2.704,0.0305,5.41,-5.585,0
1670,181165,-5.16,222,0,12,1.607,4.601,0.0303,5.41,-5.588,1
1671,181175,120.69,10,1,1,0.191,2.51,0.0303,5.41,-5.588,0
1672,181185,140.11,10,1,0,0.088,4.149,0.0302,5.41,-5.588,0
1673,181205,126.08,20,1,0,0.284,2.992,0.0302,5.41,-5.589,0
1674,181223,26.18,18,0,5,1.144,4.851,0.0301,5.41,-5.589,1
1675,181311,139.77,88,1,0,0.133,4.55,0.0299,5.41,-5.59,0
1676,181336,1.05,25,0,7,1.936,3.565,0.03,5.41,-5.591,1
1677,181363,19.78,27,0,7,1.066,4.579,0.0301,5.41,-5.591,1
1678,181863,-25.6,500,0,1,4.06,4.2,0.0302,5.41,-5.598,0
1679,181949,14.3,86,0,11,1.212,5.271,0.0302,5.41,-5.599,1
1680,181976,145.75,27,1,0,0.279,4.988,0.0302,5.41,-5.6,0
1681,182007,-19.67,31,0,5,5.98,5.168,0.0656,5.41,-5.6,1
1682,182043,24.98,36,0,7,0.863,4.941,0.0635,5.41,-5.601,1
1683,182543,-45.46,500,0,12,4.947,5.301,0.0502,5.41,-5.608,0
1684,182548,-10.25,5,0,5,4.277,4.277,0.0501,5.41,-5.608,1
1685,182565,123.79,17,1,0,0.194,2.658,0.0498,5.41,-5.608,0
1686,182899,85.42,334,1,41,0.27,3.482,0.0447,5.41,-5.613,0
1687,183399,-10.96,500,0,0,3.803,5.207,0.0396,5.41,-5.62,0
1688,183431,121.47,32,1,1,0.267,2.774,0.0393,5.41,-5.62,0
1689,183439,1.13,8,0,5,3.614,4.767,0.0393,5.41,-5.621,1
1690,183457,146.32,18,1,0,0.28,5.002,0.0391,5.41,-5.621,0
1691,183486,149.38,29,1,0,0.209,5.293,0.0388,5.41,-5.621,0
1692,183493,-15.12,7,0,5,5.821,5.343,0.0388,5.41,-5.621,1
1693,183507,137.78,14,1,0,0.229,4.078,0.0387,5.41,-5.622,0
1694,183525,140.3,18,1,0,0.281,4.401,0.0385,5.41,-5.622,0
1695,183548,-4.17,23,0,9,1.91,3.407,0.0382,5.41,-5.622,1
1696,183771,-7.95,223,0,8,3.07,4.991,0.0367,5.41,-5.625,1
1697,184271,-45.51,500,0,0,5.504,3.453,0.0339,5.41,-5.632,0
1698,184289,23.23,18,0,6,1.62,5.233,0.0338,5.41,-5.633,1
1699,184329,145.86,40,1,0,0.243,5.029,0.0337,5.41,-5.633,0
1700,184829,-2.25,500,0,0,2.895,5.17,0.0319,5.41,-5.64,0
1701,184834,-10.25,5,0,5,2.024,2.024,0.0318,5.41,-5.64,1
1702,184872,5.65,38,0,6,1.362,3.317,0.0317,5.41,-5.641,1
1703,184875,109.94,3,1,0,0.273,1.282,0.0317,5.41,-5.641,0
1704,184926,6.83,51,0,14,0.939,4.677,0.0316,5.41,-5.642,1
1705,185094,6.28,168,0,22,0.773,5.241,0.0312,5.41,-5.644,1
1706,185138,7.96,44,0,22,1.353,5.369,0.0311,5.41,-5.645,1
1707,185152,11.95,14,0,5,0.393,2.658,0.0311,5.41,-5.645,1
1708,185173,125.23,21,1,0,0.273,2.901,0.0311,5.41,-5.645,0
1709,185673,-50.39,500,0,11,5.234,4.895,0.0302,5.41,-5.652,0
1710,185684,125.34,11,1,2,0.178,3.168,0.0302,5.41,-5.653,0
1711,185694,109.33,10,1,0,0.12,1.102,0.0302,5.41,-5.653,0
1712,185766,-9.2,72,0,33,2.825,5.265,0.03,5.41,-5.654,1
1713,185883,113.56,117,1,6,0.289,3.43,0.03,5.41,-5.655,0
1714,185888,-10.25,5,0,5,4.934,4.934,0.03,5.41,-5.656,1
1715,186388,-16.81,500,0,0,1.491,2.309,0.0297,5.41,-5.663,0
1716,186888,-17.73,500,0,4,3.221,4.748,0.0297,5.41,-5.67,0
1717,186912,15.66,24,0,8,0.467,3.753,0.0297,5.41,-5.67,1
1718,187412,-26.76,500,0,80,2.225,5.049,0.0294,5.41,-5.677,0
1719,187912,18.31,500,0,2,0.547,5.278,0.0294,5.41,-5.684,0
1720,187920,0.76,8,0,5,1.307,2.423,0.0294,5.41,-5.685,1
1721,188420,-35.89,500,0,12,1.93,3.242,0.0298,5.41,-5.692,0
1722,188671,-27.01,251,0,15,1.596,3.15,0.03,5.41,-5.695,1
1723,188936,-37.42,265,0,25,3.952,4.535,0.0297,5.41,-5.699,1
1724,189013,3.15,77,0,5,2.762,4.462,0.0296,5.41,-5.7,1
1725,189339,119.61,326,1,5,0.277,4.867,0.03,5.41,-5.705,0
1726,189355,149.9,16,1,0,0.222,5.293,0.0301,5.41,-5.705,0
1727,189376,23.57,21,0,5,1.14,4.601,0.0302,5.41,-5.705,1
1728,189616,-30.06,240,0,27,1.076,2.27,0.0304,5.41,-5.709,1
1729,189642,8.18,26,0,6,1.781,3.929,0.0304,5.41,-5.709,1
1730,189671,-6.02,29,0,6,3.679,4.422,0.0303,5.41,-5.71,1
1731,189912,134.16,241,1,0,0.175,4.795,0.0564,5.41,-5.713,0
1732,189956,8.48,44,0,7,1.656,4.124,0.055,5.41,-5.714,1
1733,189986,150.01,30,1,0,0.152,5.303,0.054,5.41,-5.714,0
1734,190007,137.82,21,1,1,0.293,4.381,0.0535,5.41,-5.714,0
1735,190019,7.1,12,0,5,1.574,3.344,0.0533,5.41,-5.715,1
1736,190519,-19.17,500,0,49,0.808,4.391,0.0447,5.41,-5.722,0
1737,190530,129.84,11,1,0,0.295,3.334,0.0446,5.41,-5.722,0
1738,190552,140.68,22,1,5,0.106,5.284,0.0443,5.41,-5.722,0
1739,190558,-6.65,6,0,5,4.852,5.218,0.0442,5.41,-5.722,1
1740,190569,143.13,11,1,0,0.291,4.66,0.0441,5.41,-5.722,0
1741,190624,144.66,55,1,1,0.285,5.226,0.0435,5.41,-5.723,0
1742,190653,135.39,29,1,0,0.257,3.94,0.0432,5.41,-5.724,0
1743,190711,134.68,58,1,1,0.268,4.227,0.0426,5.41,-5.724,0
1744,190722,118.22,11,1,1,0.3,2.376,0.0426,5.41,-5.725,0
1745,190732,5.78,10,0,5,0.607,2.235,0.0424,5.41,-5.725,1
1746,190744,128.24,12,1,1,0.27,3.354,0.0423,5.41,-5.725,0
1747,190756,137.08,12,1,0,0.262,4.031,0.0421,5.41,-5.725,0
1748,191256,-44.2,500,0,33,2.822,3.903,0.0378,5.41,-5.732,0
1749,191266,125.12,10,1,1,0.212,2.974,0.0377,5.41,-5.732,0
1750,191283,19.43,17,0,6,1.007,4.235,0.0376,5.41,-5.733,1
1751,191384,17.83,101,0,7,0.943,4.631,0.0369,5.85,-5.734,1
1752,191683,-38.59,299,0,19,1.883,2.519,0.035,5.85,-5.738,1
1753,192183,-38.54,500,0,4,4.635,4.08,0.0326,5.85,-5.745,0
1754,192683,-27.68,500,0,0,5.403,5.135,0.0311,5.85,-5.753,0
1755,192687,110.86,4,1,0,0.131,1.237,0.031,5.85,-5.753,0
1756,192706,21.13,19,0,6,2.303,5.712,0.0309,5.85,-5.753,1
1757,192723,21.26,17,0,5,2.571,5.782,0.0308,5.85,-5.753,1
1758,193113,-18.31,390,0,7,2.109,3.628,0.03,5.85,-5.759,1
1759,193613,-50.39,500,0,16,2.554,3.015,0.0287,5.85,-5.766,0
1760,193638,131.21,25,1,2,0.265,3.912,0.0286,5.85,-5.766,0
1761,194138,-21.6,500,0,1,4.595,5.135,0.0283,5.85,-5.773,0
1762,194159,19.19,21,0,7,0.926,4.35,0.0282,5.85,-5.774,1
1763,194184,26.02,25,0,7,0.445,4.572,0.0281,5.85,-5.774,1
1764,194233,14.63,49,0,14,1.026,5.534,0.0281,5.85,-5.775,1
1765,194492,-9.53,259,0,19,1.968,5.31,0.0286,5.85,-5.778,1
1766,194515,38.53,23,0,6,0.575,5.743,0.0285,5.85,-5.779,1
1767,194540,-7.93,25,0,6,0.687,1.219,0.0285,5.85,-5.779,1
1768,194549,132.15,9,1,0,0.212,3.473,0.0285,5.85,-5.779,0
1769,195049,-42.8,500,0,8,3.254,3.074,0.028,5.85,-5.786,0
1770,195078,-6.44,29,0,10,0.523,2.024,0.0282,5.85,-5.787,1
1771,195092,115.98,14,1,0,0.169,1.837,0.0283,5.85,-5.787,0
1772,195114,115.77,22,1,0,0.291,1.979,0.0283,5.85,-5.787,0
1773,195614,-43.98,500,0,10,1.729,1.831,0.0282,5.85,-5.794,0
1774,195620,125.1,6,1,0,0.16,2.7,0.0283,5.85,-5.795,0
1775,195634,120.47,14,1,1,0.263,2.581,0.0283,5.85,-5.795,0
1776,195650,148.34,16,1,0,0.137,5.051,0.0283,5.85,-5.795,0
1777,196150,-43.95,500,0,0,7.404,5.509,0.0289,5.85,-5.802,0
1778,196172,119.12,22,1,0,0.167,2.189,0.0289,5.85,-5.802,0
1779,196192,142.06,20,1,0,0.232,4.537,0.0288,5.85,-5.803,0
1780,196452,123.04,260,1,0,0.299,3.903,0.0291,5.85,-5.806,0
1781,196467,141.45,15,1,0,0.174,4.394,0.0666,5.85,-5.807,0
1782,196581,116.64,114,1,8,0.118,3.952,0.0603,5.85,-5.808,0
1783,196611,140.66,30,1,2,0.284,4.9,0.0594,5.85,-5.809,0
1784,196632,138.67,21,1,3,0.287,4.858,0.0586,5.85,-5.809,0
1785,196643,3.9,11,0,5,2.133,3.578,0.0583,5.85,-5.809,1
1786,196667,149.54,24,1,0,0.28,5.354,0.0577,5.85,-5.81,0
1787,196703,130.2,36,1,8,0.208,5.009,0.0567,5.85,-5.81,0
1788,196710,-4.33,7,0,5,1.764,2.367,0.0565,5.85,-5.81,1
1789,196898,-10.61,188,0,15,2.021,4.9,0.0523,5.85,-5.813,1
1790,196916,6.94,18,0,5,0.925,2.708,0.0519,5.85,-5.813,1
1791,197237,-10.47,321,0,25,0.669,4.227,0.0463,5.85,-5.818,1
1792,197737,-53.13,500,0,59,4.683,4.87,0.0411,5.85,-5.825,0
1793,197767,146.93,30,1,0,0.279,5.122,0.0408,5.85,-5.825,0
1794,197773,-13.13,6,0,5,3.73,3.447,0.0408,5.85,-5.825,1
1795,197792,132.83,19,1,4,0.297,4.475,0.0406,5.85,-5.826,0
1796,198292,-31.37,500,0,1,5.947,5.509,0.036,5.85,-5.833,0
1797,198324,135.9,32,1,0,0.236,3.986,0.0357,5.85,-5.833,0
1798,198332,-0.28,8,0,5,2.451,3.463,0.0356,5.85,-5.833,1
1799,198351,150.98,19,1,0,0.275,5.468,0.0355,5.85,-5.834,0
1800,198362,-14.66,11,0,9,3.385,3.774,0.0354,5.85,-5.834,1
1801,198369,-7.55,7,0,5,4.587,4.867,0.0354,5.85,-5.834,1
1802,198378,3.99,9,0,5,4.379,5.823,0.0354,5.85,-5.834,1
1803,198878,-31.29,500,0,12,0.949,2.721,0.0324,5.85,-5.841,0
1804,198893,151.81,15,1,0,0.216,5.472,0.0323,5.85,-5.841,0
1805,198898,-10.25,5,0,5,3.824,3.824,0.0323,5.85,-5.841,1
1806,199398,-20.91,500,0,1,3.782,4.391,0.0298,5.85,-5.849,0
1807,199495,19.56,97,0,5,1.574,5.015,0.0294,5.85,-5.85,1
1808,199536,142.41,41,1,0,0.143,4.589,0.0293,5.85,-5.851,0
1809,200036,-37.61,500,0,12,3.852,4.991,0.0282,5.85,-5.858,0
1810,200536,-24.18,500,0,2,0.964,1.447,0.0278,5.85,-5.865,0
1811,200546,128.26,10,1,0,0.117,2.992,0.0278,5.85,-5.865,0
1812,201046,2.24,500,0,0,2.98,5.704,0.0274,5.85,-5.872,0
1813,201350,82.82,304,1,10,0.261,2.062,0.0274,5.85,-5.876,0
1814,201360,12.76,10,0,5,3.394,5.72,0.0274,5.85,-5.877,1
1815,201370,130.41,10,1,0,0.284,3.374,0.0274,5.85,-5.877,0
1816,201870,15.92,500,0,0,1.46,5.552,0.0278,5.85,-5.884,0
1817,201875,114.17,5,1,0,0.221,1.664,0.0278,5.85,-5.884,0
1818,202375,-48.21,500,0,13,4.077,4.355,0.0274,5.85,-5.891,0
1819,202411,147.93,36,1,2,0.133,5.505,0.0274,5.85,-5.892,0
1820,202505,18.86,94,0,5,1.488,4.844,0.0274,5.85,-5.893,1
1821,202513,-16.96,8,0,6,5.992,5.536,0.0274,5.85,-5.893,1
1822,202568,-30.55,55,0,8,5.051,3.871,0.0276,5.85,-5.894,1
1823,202665,-12.34,97,0,11,3.985,5.435,0.0275,5.85,-5.895,1
1824,203047,-43.67,382,0,24,2.346,2.889,0.0271,5.85,-5.901,1
1825,203070,131.59,23,1,4,0.266,4.34,0.0272,5.85,-5.901,0
1826,203088,145.69,18,1,0,0.199,4.858,0.0271,5.85,-5.901,0
1827,203228,-33.16,140,0,13,5.041,5.024,0.027,5.85,-5.903,1
1828,203276,4.71,48,0,6,3.236,5.146,0.0269,5.85,-5.904,1
1829,203478,-11.49,202,0,36,0.795,3.656,0.0271,5.85,-5.907,1
1830,203505,151.22,27,1,0,0.226,5.483,0.0272,5.85,-5.907,0
1831,203600,137.05,95,1,1,0.28,4.66,0.062,5.85,-5.909,0
1832,203611,-10.65,11,0,9,4.187,4.977,0.0614,5.85,-5.909,1
1833,203626,10.89,15,0,5,3.321,5.485,0.0607,5.85,-5.909,1
1834,203631,-10.25,5,0,5,3.217,3.217,0.0604,5.85,-5.909,1
1835,203646,-8.71,15,0,11,2.078,3.482,0.0598,5.85,-5.909,1
1836,203685,-28.81,39,0,6,3.142,1.657,0.0585,5.85,-5.91,1
1837,203704,9.11,19,0,7,2.861,5.267,0.0579,5.85,-5.91,1
1838,203709,-10.25,5,0,5,2.704,2.704,0.0578,5.85,-5.91,1
1839,203719,-20.87,10,0,6,4.59,3.753,0.0574,5.85,-5.91,1
1840,203756,116.47,37,1,0,0.295,2.127,0.0564,5.85,-5.911,0
1841,204256,-18.0,500,0,7,3.283,5.383,0.0464,5.85,-5.918,0
1842,204345,-11.53,89,0,11,1.828,3.32,0.045,5.85,-5.919,1
1843,204360,-15.95,15,0,8,5.49,5.57,0.0448,5.85,-5.919,1
1844,204370,2.01,10,0,5,2.011,3.262,0.0446,5.85,-5.92,1
1845,204870,3.67,500,0,1,2.466,5.534,0.0386,5.85,-5.927,0
1846,204912,131.59,42,1,0,0.256,3.625,0.0381,5.85,-5.927,0
1847,204938,135.07,26,1,10,0.19,5.827,0.0379,5.85,-5.928,0
1848,204953,139.31,15,1,1,0.269,4.475,0.0377,5.85,-5.928,0
1849,204963,-20.37,10,0,5,6.144,5.157,0.0376,5.85,-5.928,1
1850,204974,18.28,11,0,5,2.106,4.988,0.0375,5.85,-5.928,1
1851,205007,144.96,33,1,4,0.211,5.672,0.0372,5.85,-5.929,0
1852,205020,124.02,13,1,1,0.242,2.909,0.0371,5.85,-5.929,0
1853,205033,11.28,13,0,6,1.834,4.227,0.037,5.85,-5.929,1
1854,205058,144.59,25,1,4,0.248,5.632,0.0367,5.85,-5.929,0
1855,205355,-28.05,297,0,13,1.256,2.537,0.0341,5.85,-5.934,1
1856,205855,-28.35,500,0,20,3.049,5.714,0.0313,5.85,-5.941,0
1857,205894,136.62,39,1,0,0.272,4.13,0.0312,5.85,-5.941,0
1858,205966,-3.53,72,0,11,0.96,3.168,0.031,5.85,-5.942,1
1859,205984,6.29,18,0,9,1.011,3.531,0.0309,5.85,-5.943,1
1860,205989,-10.25,5,0,5,4.1,4.1,0.0309,5.85,-5.943,1
1861,206005,149.98,16,1,1,0.16,5.437,0.0309,5.85,-5.943,0
1862,206012,-4.05,7,0,5,0.929,1.559,0.0309,5.85,-5.943,1
1863,206093,11.88,81,0,6,1.862,4.655,0.0305,5.85,-5.944,1
1864,206103,130.51,10,1,0,0.213,3.314,0.0305,5.85,-5.944,0
1865,206155,3.96,52,0,6,2.118,3.974,0.0303,5.85,-5.945,1
1866,206165,118.38,10,1,3,0.233,2.721,0.0303,5.85,-5.945,0
1867,206177,11.72,12,0,5,0.665,2.897,0.0302,5.85,-5.945,1
1868,206352,-16.97,175,0,14,0.844,2.822,0.0296,5.85,-5.948,1
1869,206606,-24.78,254,0,39,4.027,5.819,0.0288,5.85,-5.952,1
1870,206851,-37.14,245,0,23,4.012,4.522,0.0283,5.85,-5.955,1
1871,206858,-4.26,7,0,5,3.469,4.078,0.0283,5.85,-5.955,1
1872,206887,145.11,29,1,0,0.264,4.92,0.0282,5.85,-5.956,0
1873,206903,116.26,16,1,0,0.25,1.956,0.0281,5.85,-5.956,0
1874,206908,-10.25,5,0,5,3.354,3.354,0.0281,5.85,-5.956,1
1875,206922,24.32,14,0,5,1.958,5.46,0.028,5.85,-5.956,1
1876,206936,123.92,14,1,1,0.22,2.881,0.028,5.85,-5.956,0
1877,206943,122.97,7,1,0,0.201,2.532,0.0279,5.85,-5.956,0
1878,206998,0.58,55,0,7,2.819,4.552,0.0279,5.85,-5.957,1
1879,207055,-8.91,57,0,27,0.306,2.7,0.0277,5.85,-5.958,1
1880,207076,131.24,21,1,0,0.253,3.482,0.0276,5.85,-5.958,0
1881,207086,3.46,10,0,5,2.357,3.753,0.067,5.85,-5.958,1
1882,207127,-6.29,41,0,5,1.551,2.127,0.0648,5.85,-5.959,1
1883,207136,1.65,9,0,5,2.646,3.856,0.0645,5.85,-5.959,1
1884,207197,149.35,61,1,0,0.293,5.534,0.0618,5.85,-5.96,0
1885,207697,-20.45,500,0,5,2.413,3.868,0.0501,5.85,-5.967,0
1886,207719,136.05,22,1,0,0.257,3.971,0.0497,5.85,-5.967,0
1887,207965,-20.41,246,0,17,2.556,4.746,0.0459,5.85,-5.971,1
1888,208014,-2.64,49,0,15,0.403,3.384,0.0453,5.85,-5.972,1
1889,208030,120.44,16,1,3,0.291,3.015,0.0451,5.85,-5.972,0
1890,208062,135.1,32,1,0,0.27,3.94,0.0447,5.85,-5.972,0
1891,208077,125.67,15,1,0,0.267,2.909,0.0445,5.85,-5.973,0
1892,208089,5.86,12,0,5,0.527,2.174,0.0443,5.85,-5.973,1
1893,208589,-36.37,500,0,26,1.854,3.717,0.0388,5.85,-5.98,0
1894,208608,11.23,19,0,7,2.156,4.774,0.0386,5.85,-5.98,1
1895,208631,35.25,23,0,6,0.903,5.743,0.0384,5.85,-5.98,1
1896,208649,-6.89,18,0,6,2.288,2.889,0.0382,5.85,-5.981,1
1897,208738,-29.02,89,0,22,2.695,3.238,0.0375,5.85,-5.982,1
1898,208748,120.51,10,1,0,0.252,2.353,0.0374,5.85,-5.982,0
1899,208758,-1.13,10,0,6,2.918,4.056,0.0373,5.85,-5.982,1
1900,209258,-17.15,500,0,4,3.686,5.271,0.0338,5.85,-5.989,0
1901,209426,140.97,168,1,3,0.253,5.79,0.0328,5.85,-5.992,0
1902,209470,136.34,44,1,7,0.175,5.429,0.0326,5.85,-5.992,0
1903,209970,-8.81,500,0,5,1.252,3.871,0.0298,5.85,-6.0,0
1904,210470,-43.38,500,0,46,3.003,4.165,0.0279,5.85,-6.0,0
1905,210508,15.81,38,0,7,1.784,4.955,0.0278,5.85,-6.0,1
1906,210537,153.08,29,1,0,0.183,5.636,0.0278,5.85,-6.0,0
1907,210545,0.87,8,0,5,1.31,2.437,0.0277,5.85,-6.0,1
1908,210575,149.57,30,1,0,0.239,5.346,0.0277,5.85,-6.0,0
1909,210761,8.17,186,0,9,2.023,5.57,0.0273,5.85,-6.0,1
1910,211261,-52.48,500,0,14,4.421,4.472,0.027,5.85,-6.0,0
1911,211272,119.88,11,1,2,0.044,2.487,0.027,5.85,-6.0,0
1912,211286,118.93,14,1,0,0.126,2.089,0.027,5.85,-6.0,0
1913,211786,-56.61,500,0,18,5.224,5.062,0.0269,5.85,-6.0,0
1914,212276,-20.37,490,0,25,1.611,5.024,0.0265,5.85,-6.0,1
1915,212304,122.44,28,1,0,0.274,2.658,0.0266,5.85,-6.0,0
1916,212332,147.31,28,1,0,0.226,5.098,0.0266,5.85,-6.0,0
1917,212353,26.19,21,0,6,1.171,5.096,0.0266,5.85,-6.0,1
1918,212364,131.48,11,1,0,0.26,3.463,0.0265,5.85,-6.0,0
1919,212377,131.73,13,1,0,0.267,3.505,0.0265,5.85,-6.0,0
1920,212389,147.54,12,1,0,0.174,4.988,0.0265,5.85,-6.0,0
1921,212820,-15.36,431,0,8,2.375,4.594,0.0267,5.85,-6.0,1
1922,212936,15.47,116,0,7,1.893,5.421,0.0267,5.85,-6.0,1
1923,212950,20.79,14,0,5,0.54,3.69,0.0267,5.85,-6.0,1
1924,212966,110.64,16,1,0,0.231,1.375,0.0268,5.85,-6.0,0
1925,213003,132.64,37,1,1,0.249,3.897,0.0269,5.85,-6.0,0
1926,213014,0.5,11,0,6,1.293,2.598,0.0269,5.85,-6.0,1
1927,213123,-11.39,109,0,9,1.24,2.446,0.0273,5.85,-6.0,1
1928,213623,-18.72,500,0,1,3.822,4.65,0.027,5.85,-6.0,0
1929,213637,-10.27,14,0,7,0.563,1.006,0.027,5.85,-6.0,1
1930,213651,147.59,14,1,0,0.046,4.874,0.027,5.85,-6.0,0
1931,213699,13.03,48,0,5,2.09,4.633,0.064,5.85,-6.0,1
1932,213711,11.56,12,0,5,0.952,3.168,0.0632,5.85,-6.0,1
1933,213737,148.47,26,1,3,0.266,5.842,0.0617,5.85,-6.0,0
1934,213742,-10.25,5,0,5,5.682,5.682,0.0614,5.85,-6.0,1
1935,213752,7.88,10,0,5,3.122,4.959,0.0609,5.85,-6.0,1
1936,214252,-22.33,500,0,11,2.993,5.46,0.0483,5.85,-6.0,0
1937,214257,-10.25,5,0,5,4.105,4.105,0.0482,5.85,-6.0,1
1938,214277,139.34,20,1,3,0.282,4.916,0.0479,5.85,-6.0,0
1939,214301,117.11,24,1,0,0.258,2.089,0.0474,5.85,-6.0,0
1940,214445,144.73,144,1,0,0.213,5.406,0.0452,5.85,-6.0,0
1941,214465,29.45,20,0,5,0.498,4.542,0.0449,5.85,-6.0,1
1942,214487,25.51,22,0,7,1.262,5.322,0.0445,5.85,-6.0,1
1943,214500,7.34,13,0,7,0.559,2.758,0.0443,5.85,-6.0,1
1944,214510,4.33,10,0,5,1.554,3.037,0.0442,5.85,-6.0,1
1945,214535,152.06,25,1,0,0.219,5.55,0.0438,5.85,-6.0,0
1946,214562,149.57,27,1,0,0.236,5.329,0.0434,5.85,-6.0,0
1947,214578,16.39,16,0,6,1.987,4.907,0.0432,5.85,-6.0,1
1948,214591,132.0,13,1,0,0.159,3.424,0.043,5.85,-6.0,0
1949,214608,143.45,17,1,1,0.228,4.858,0.0428,5.85,-6.0,0
1950,215108,-47.27,500,0,9,4.327,3.9,0.0376,5.85,-6.0,0
1951,215137,142.03,29,1,4,0.26,5.408,0.0374,5.85,-6.0,0
1952,215637,-66.33,500,0,15,5.378,4.245,0.0334,5.85,-6.0,0
1953,215660,-4.44,23,0,10,3.316,4.986,0.0332,5.85,-6.0,1
1954,215676,6.61,16,0,8,1.376,3.717,0.0331,5.85,-6.0,1
1955,215689,130.29,13,1,0,0.28,3.374,0.033,5.85,-6.0,0
1956,215788,149.66,99,1,0,0.194,5.654,0.0324,5.85,-6.0,0
1957,215851,23.87,63,0,9,0.966,5.468,0.032,5.85,-6.0,1
1958,216182,-38.82,331,0,9,5.549,5.122,0.0302,5.85,-6.0,1
1959,216232,20.22,50,0,6,1.677,5.148,0.0299,5.85,-6.0,1
1960,216241,126.01,9,1,0,0.116,2.762,0.0299,5.85,-6.0,0
1961,216741,-38.05,500,0,58,1.026,2.721,0.0279,5.85,-6.0,0
1962,216746,-10.25,5,0,5,5.542,5.542,0.0278,5.85,-6.0,1
1963,216775,-6.52,29,0,11,1.549,3.242,0.0277,5.85,-6.0,1
1964,216808,122.0,33,1,0,0.297,2.662,0.0275,5.85,-6.0,0
1965,216818,135.47,10,1,0,0.068,3.665,0.0275,5.85,-6.0,0
1966,216825,-1.81,7,0,5,3.57,4.424,0.0274,5.85,-6.0,1
1967,216851,120.15,26,1,1,0.192,2.537,0.0272,5.85,-6.0,0
1968,216856,114.93,5,1,0,0.238,1.756,0.0272,5.85,-6.0,0
1969,216876,139.85,20,1,0,0.298,4.383,0.0271,5.85,-6.0,0
1970,216886,5.28,10,0,5,1.572,3.15,0.0271,5.85,-6.0,1
1971,216917,-19.53,31,0,11,1.275,1.677,0.0269,5.85,-6.0,1
1972,217147,-30.9,230,0,6,3.748,3.007,0.0263,5.85,-6.0,1
1973,217338,-38.5,191,0,34,0.987,1.092,0.0258,5.85,-6.0,1
1974,217429,-2.19,91,0,19,0.891,4.127,0.0257,5.85,-6.0,1
1975,217929,-44.67,500,0,12,3.195,3.628,0.0259,5.85,-6.0,0
1976,217971,-0.46,42,0,5,4.263,5.427,0.0259,5.85,-6.0,1
1977,218022,12.63,51,0,10,0.696,4.213,0.0258,5.85,-6.0,1
1978,218087,-8.42,65,0,14,1.406,3.69,0.0258,5.85,-6.0,1
1979,218587,-26.36,500,0,4,4.166,4.83,0.0268,5.85,-6.0,0
1980,218862,-16.68,275,0,17,1.343,4.05,0.0264,5.85,-6.0,1
1981,218897,-28.78,35,0,13,5.559,5.456,0.0655,5.85,-6.0,1
1982,218904,-5.37,7,0,5,4.925,5.423,0.065,5.85,-6.0,1
1983,218914,5.03,10,0,5,1.936,3.489,0.0644,5.85,-6.0,1
1984,218938,-19.51,24,0,11,3.055,3.424,0.0631,5.85,-6.0,1
1985,218970,-27.97,32,0,7,6.295,5.058,0.0615,5.85,-6.0,1
1986,219029,-30.95,59,0,18,4.707,4.907,0.0595,5.85,-6.0,1
1987,219039,-7.18,10,0,7,2.058,2.79,0.0591,5.85,-6.0,1
1988,219080,145.35,41,1,0,0.232,4.973,0.0576,5.85,-6.0,0
1989,219123,142.89,43,1,1,0.21,4.914,0.0564,5.85,-6.0,0
1990,219204,116.05,81,1,4,0.137,2.947,0.0543,5.85,-6.0,0
1991,219376,-24.58,172,0,20,3.782,5.183,0.0506,5.85,-6.0,1
1992,219398,131.5,22,1,0,0.141,3.401,0.0501,5.85,-6.0,0
1993,219435,145.22,37,1,1,0.298,5.205,0.0494,5.85,-6.0,0
1994,219561,122.76,126,1,1,0.251,3.357,0.0473,5.85,-6.0,0
1995,219574,9.26,13,0,5,1.191,3.182,0.0471,5.85,-6.0,1
1996,219668,119.33,94,1,0,0.187,2.589,0.0458,5.85,-6.0,0
1997,219678,8.99,10,0,5,1.679,3.628,0.0456,5.85,-6.0,1
1998,220178,-26.32,500,0,0,5.475,5.343,0.0396,5.85,-6.0,0
1999,220203,148.96,25,1,0,0.298,5.318,0.0393,5.85,-6.0,0
2000,220224,16.23,21,0,9,1.139,4.667,0.0391,5.85,-6.0,1
2001,220256,146.27,32,1,0,0.256,5.042,0.0387,5.85,-6.0,0
2002,220327,0.48,71,0,11,1.852,4.455,0.038,5.85,-6.0,1
2003,220827,-34.85,500,0,0,3.702,2.717,0.0338,5.85,-6.0,0
2004,220835,119.15,8,1,0,0.218,2.174,0.0338,5.85,-6.0,0
2005,220840,-10.25,5,0,5,4.49,4.49,0.0337,5.85,-6.0,1
2006,221072,120.45,232,1,0,0.284,3.489,0.032,5.85,-6.0,0
2007,221572,-33.84,500,0,3,4.784,4.5,0.0294,5.85,-6.0,0
2008,221583,15.98,11,0,5,1.174,3.827,0.0293,5.85,-6.0,1
2009,221678,124.86,95,1,0,0.242,3.203,0.0289,5.85,-6.0,0
2010,221730,122.72,52,1,6,0.225,3.957,0.0287,5.85,-6.0,0
2011,221743,131.97,13,1,1,0.291,3.753,0.0286,5.85,-6.0,0
2012,221754,113.28,11,1,0,0.274,1.657,0.0286,5.85,-6.0,0
2013,221804,130.98,50,1,0,0.243,3.591,0.0283,5.85,-6.0,0
2014,221848,151.62,44,1,0,0.194,5.576,0.0281,5.85,-6.0,0
2015,221881,-6.08,33,0,6,2.313,3.07,0.028,5.85,-6.0,1
2016,221887,-7.55,6,0,5,3.941,4.216,0.0279,5.85,-6.0,1
2017,221900,8.57,13,0,5,3.019,4.941,0.0279,5.85,-6.0,1
2018,221916,145.02,16,1,0,0.229,4.812,0.0278,5.85,-6.0,0
2019,221951,147.64,35,1,0,0.236,5.174,0.0277,5.85,-6.0,0
2020,221970,116.01,19,1,4,0.294,2.79,0.0276,5.85,-6.0,0
2021,221998,-8.7,28,0,7,1.483,2.153,0.0275,5.85,-6.0,1
2022,222139,10.59,141,0,12,1.129,5.293,0.0273,5.85,-6.0,1
2023,222166,149.77,27,1,0,0.267,5.379,0.0273,5.85,-6.0,0
2024,222177,132.76,11,1,0,0.288,3.619,0.0272,5.85,-6.0,0
2025,222301,-20.05,124,0,14,1.086,2.501,0.0269,5.85,-6.0,1
2026,222317,-10.47,16,0,9,1.774,2.607,0.0269,5.85,-6.0,1
2027,222325,-3.05,8,0,5,3.042,3.777,0.0269,5.85,-6.0,1
2028,222330,-10.25,5,0,5,5.241,5.241,0.0268,5.85,-6.0,1
2029,222620,-33.83,290,0,25,3.585,4.652,0.0263,5.85,-6.0,1
2030,223120,-39.44,500,0,11,4.444,5.2,0.0258,5.85,-6.0,0
2031,223127,-12.23,7,0,6,5.729,5.741,0.0671,5.85,-6.0,1
2032,223140,10.14,13,0,5,3.535,5.614,0.0664,5.85,-6.0,1
2033,223156,116.71,16,1,1,0.238,2.189,0.0657,5.85,-6.0,0
2034,223163,-4.09,7,0,5,3.752,4.378,0.0651,5.85,-6.0,1
2035,223663,-43.8,500,0,15,1.504,2.624,0.0508,5.85,-6.0,0
2036,223730,121.34,67,1,0,0.289,2.758,0.0494,5.85,-6.0,0
2037,223917,124.85,187,1,0,0.297,3.717,0.0466,5.85,-6.0,0
2038,223968,3.68,51,0,6,3.476,5.299,0.0458,5.85,-6.0,1
2039,223993,23.93,25,0,9,0.512,4.83,0.0454,5.85,-6.0,1
2040,224005,12.78,12,0,5,1.622,3.96,0.0453,5.85,-6.0,1
2041,224059,144.48,54,1,1,0.289,5.207,0.0445,5.85,-6.0,0
2042,224211,6.77,152,0,9,0.904,4.141,0.0425,5.85,-6.0,1
2043,224240,1.23,29,0,11,2.371,4.84,0.0422,5.85,-6.0,1
2044,224740,-41.47,500,0,1,7.224,5.776,0.037,5.85,-6.0,0
2045,224769,134.8,29,1,7,0.24,5.265,0.0368,5.85,-6.0,0
2046,224814,143.51,45,1,0,0.282,4.858,0.0364,5.85,-6.0,0
2047,224870,-14.08,56,0,12,2.778,4.05,0.0359,5.85,-6.0,1
2048,224888,-22.19,18,0,14,4.38,5.051,0.0358,5.85,-6.0,1
2049,224898,3.48,10,0,5,0.708,2.105,0.0358,5.85,-6.0,1
2050,224919,139.93,21,1,0,0.155,4.253,0.0356,5.85,-6.0,0
2051,224950,-2.04,31,0,13,0.369,2.92,0.0354,5.85,-6.0,1
2052,224962,138.6,12,1,0,0.293,4.213,0.0353,5.85,-6.0,0
2053,225462,-147.94,500,0,29,14.711,5.417,0.0323,5.85,-6.0,0
2054,225962,-31.29,500,0,13,2.727,4.698,0.03,5.85,-6.0,0
2055,225992,136.87,30,1,0,0.26,4.097,0.0299,5.85,-6.0,0
2056,226011,149.09,19,1,0,0.211,5.216,0.0299,5.85,-6.0,0
2057,226058,132.23,47,1,1,0.282,3.94,0.0297,5.85,-6.0,0
2058,226064,-6.0,6,0,5,2.455,2.885,0.0297,5.85,-6.0,1
2059,226564,-25.78,500,0,10,2.083,4.005,0.0281,5.85,-6.0,0
2060,226583,30.07,19,0,6,1.496,5.798,0.028,5.85,-6.0,1
2061,226677,12.44,94,0,5,1.257,3.971,0.0277,5.85,-6.0,1
2062,226738,148.52,61,1,0,0.203,5.36,0.0276,5.85,-6.0,0
2063,226744,-14.77,6,0,5,4.283,3.836,0.0275,5.85,-6.0,1
2064,226815,124.49,71,1,0,0.292,3.096,0.0275,5.85,-6.0,0
2065,226820,-10.25,5,0,5,4.525,4.525,0.0275,5.85,-6.0,1
2066,226857,13.16,37,0,6,1.407,4.108,0.0275,5.85,-6.0,1
2067,227108,4.48,251,0,9,1.934,5.437,0.027,5.85,-6.0,1
2068,227114,-7.04,6,0,5,4.394,4.72,0.027,5.85,-6.0,1
2069,227147,22.97,33,0,7,0.407,4.269,0.027,5.85,-6.0,1
2070,227208,3.08,61,0,7,0.782,2.794,0.0268,5.85,-6.0,1
2071,227219,131.51,11,1,1,0.175,3.581,0.0268,5.85,-6.0,0
2072,227575,-67.37,356,0,40,7.429,5.472,0.0261,5.85,-6.0,1
2073,227603,18.61,28,0,5,1.354,4.355,0.026,5.85,-6.0,1
2074,227630,138.01,27,1,1,0.248,4.383,0.0261,5.85,-6.0,0
2075,227635,-10.25,5,0,5,5.446,5.446,0.0261,5.85,-6.0,1
2076,227673,-5.47,38,0,12,1.793,3.836,0.026,5.85,-6.0,1
2077,227701,148.33,28,1,0,0.299,5.271,0.0259,5.85,-6.0,0
2078,227727,2.07,26,0,10,2.013,4.35,0.026,5.85,-6.0,1
2079,228187,-64.58,460,0,25,5.611,4.452,0.0261,5.85,-6.0,1
2080,228210,28.09,23,0,6,0.844,4.968,0.026,5.85,-6.0,1
2081,228355,136.2,145,1,0,0.257,4.601,0.0602,5.85,-6.0,0
2082,228429,141.26,74,1,1,0.265,4.961,0.0574,5.85,-6.0,0
2083,228512,118.7,83,1,2,0.172,2.858,0.0549,5.85,-6.0,0
2084,228552,-23.17,40,0,12,4.505,4.788,0.0538,5.85,-6.0,1
2085,229052,-53.64,500,0,35,1.75,1.885,0.0447,5.85,-6.0,0
2086,229511,-39.79,459,0,8,3.458,3.374,0.039,5.85,-6.0,1
2087,229582,143.41,71,1,3,0.146,5.442,0.0384,5.85,-6.0,0
2088,229596,9.43,14,0,6,3.003,5.216,0.0382,5.85,-6.0,1
2089,229736,121.65,140,1,0,0.183,3.048,0.037,5.85,-6.0,0
2090,229747,128.91,11,1,0,0.25,3.196,0.0369,5.85,-6.0,0
2091,229897,-49.41,150,0,17,6.146,4.955,0.0355,5.85,-6.0,1
2092,229940,149.02,43,1,0,0.249,5.367,0.0352,5.85,-6.0,0
2093,230440,-29.89,500,0,17,0.981,3.492,0.0322,5.85,-6.0,0
2094,230940,-31.43,500,0,19,3.353,5.71,0.0301,5.85,-6.0,0
2095,230955,21.58,15,0,6,1.258,4.691,0.0301,5.85,-6.0,1
2096,231121,133.43,166,1,4,0.277,5.25,0.0295,5.85,-6.0,0
2097,231139,124.64,18,1,0,0.22,2.774,0.0295,5.85,-6.0,0
2098,231157,14.72,18,0,5,2.117,4.679,0.0294,5.85,-6.0,1
2099,231185,35.3,28,0,5,0.676,5.346,0.0293,5.85,-6.0,1
2100,231190,115.59,5,1,0,0.12,1.704,0.0292,5.85,-6.0,0
2101,231216,19.1,26,0,5,1.753,4.793,0.0291,5.85,-6.0,1
2102,231241,128.94,25,1,0,0.226,3.245,0.0291,5.85,-6.0,0
2103,231388,-34.24,147,0,7,6.695,5.406,0.0286,5.85,-6.0,1
2104,231478,-22.86,90,0,15,2.73,3.894,0.0284,5.85,-6.0,1
2105,231505,149.64,27,1,0,0.219,5.318,0.0283,5.85,-6.0,0
2106,231712,-2.3,207,0,10,1.569,4.373,0.0282,5.85,-6.0,1
2107,231818,119.01,106,1,6,0.228,3.859,0.0277,5.85,-6.0,0
2108,231877,0.27,59,0,7,2.828,4.55,0.0276,5.85,-6.0,1
2109,231894,27.34,17,0,5,0.541,4.36,0.0275,5.85,-6.0,1
2110,232394,-9.54,500,0,16,1.136,5.682,0.0268,5.85,-6.0,0
2111,232443,-18.14,49,0,9,2.502,2.733,0.0268,5.85,-6.0,1
2112,232456,143.69,13,1,0,0.283,4.717,0.0268,5.85,-6.0,0
2113,232956,-114.12,500,0,11,11.983,5.271,0.0266,5.85,-6.0,0
2114,232972,144.79,16,1,2,0.161,5.12,0.0265,5.85,-6.0,0
2115,232984,150.56,12,1,0,0.084,5.2,0.0264,5.85,-6.0,0
2116,233007,147.57,23,1,0,0.237,5.109,0.0264,5.85,-6.0,0
2117,233013,-11.82,6,0,5,4.792,4.64,0.0264,5.85,-6.0,1
2118,233094,143.68,81,1,4,0.248,5.821,0.0262,5.85,-6.0,0
2119,233110,135.2,16,1,0,0.297,3.897,0.0262,5.85,-6.0,0
2120,233121,-6.25,11,0,8,1.264,2.295,0.0262,5.85,-6.0,1
2121,233509,-54.77,388,0,34,4.387,3.851,0.0267,5.85,-6.0,1
2122,233580,15.92,71,0,8,1.332,4.879,0.0265,5.85,-6.0,1
2123,233608,149.46,28,1,0,0.251,5.337,0.0264,5.85,-6.0,0
2124,234108,-26.19,500,0,1,5.638,5.72,0.0256,5.85,-6.0,0
2125,234608,-54.03,500,0,13,4.665,4.363,0.0257,5.85,-6.0,0
2126,234619,149.98,11,1,0,0.173,5.226,0.0257,5.85,-6.0,0
2127,235119,-12.3,500,0,41,1.153,5.423,0.0257,5.85,-6.0,0
2128,235135,146.88,16,1,0,0.261,5.029,0.0257,5.85,-6.0,0
2129,235141,-8.97,6,0,5,1.157,1.29,0.0257,5.85,-6.0,1
2130,235159,13.29,18,0,5,2.677,5.096,0.0257,5.85,-6.0,1
2131,235169,0.44,10,0,5,1.888,2.981,0.0669,5.85,-6.0,1
2132,235234,-7.22,65,0,25,2.292,4.895,0.0623,5.85,-6.0,1
2133,235251,30.2,17,0,5,1.094,5.198,0.0614,5.85,-6.0,1
2134,235258,-1.26,7,0,5,1.114,2.024,0.061,5.85,-6.0,1
2135,235275,-0.95,17,0,9,3.481,5.271,0.0603,5.85,-6.0,1
2136,235324,125.64,49,1,0,0.239,3.048,0.0586,5.85,-6.0,0
2137,235347,28.91,23,0,5,1.072,5.078,0.0578,5.85,-6.0,1
2138,235360,18.01,13,0,5,2.668,5.534,0.0573,5.85,-6.0,1
2139,235376,143.39,16,1,0,0.25,4.669,0.0569,5.85,-6.0,0
2140,235397,15.74,21,0,6,2.606,5.485,0.0562,5.85,-6.0,1
2141,235403,-6.67,6,0,5,4.625,4.988,0.0561,5.85,-6.0,1
2142,235903,-14.87,500,0,2,2.687,4.1,0.0458,5.85,-6.0,0
2143,236403,-30.9,500,0,2,5.558,5.369,0.0397,5.85,-6.0,0
2144,236468,-73.13,65,0,14,8.326,4.138,0.0392,5.85,-6.0,1
2145,236513,-25.55,45,0,14,5.27,5.739,0.0388,5.85,-6.0,1
2146,237013,-28.72,500,0,0,4.857,4.485,0.035,5.85,-6.0,0
2147,237024,137.64,11,1,1,0.186,4.205,0.0349,5.85,-6.0,0
2148,237524,-30.94,500,0,41,1.884,4.29,0.032,5.85,-6.0,0
2149,237692,-19.1,168,0,15,2.035,3.966,0.0313,5.85,-6.0,1
2150,237711,-0.92,19,0,6,4.257,5.46,0.0312,5.85,-6.0,1
2151,237734,135.93,23,1,7,0.219,5.327,0.031,5.55,-6.0,0
2152,237899,121.76,165,1,0,0.299,3.3,0.0304,5.55,-6.0,0
2153,238287,-12.59,388,0,33,1.729,5.41,0.0289,5.55,-6.0,1
2154,238787,-24.32,500,0,4,2.412,3.279,0.0271,5.55,-6.0,0
2155,238792,116.08,5,1,0,0.222,1.855,0.0271,5.55,-6.0,0
2156,239110,-32.64,318,0,19,2.868,4.195,0.0263,5.55,-6.0,1
2157,239136,31.06,26,0,7,0.591,5.226,0.0262,5.55,-6.0,1
2158,239158,-34.99,22,0,8,7.208,5.419,0.0262,5.55,-6.0,1
2159,239658,-32.15,500,0,0,5.591,4.877,0.0257,5.55,-6.0,0
2160,239680,20.8,22,0,9,1.139,5.129,0.0257,5.55,-6.0,1
2161,239817,-13.47,137,0,11,2.476,4.014,0.0255,5.28,-6.0,1
2162,239867,144.95,50,1,0,0.227,4.973,0.0254,5.28,-6.0,0
2163,239884,104.41,17,1,2,0.255,1.181,0.0253,5.28,-6.0,0
2164,239925,-29.15,41,0,9,5.294,4.383,0.0252,5.28,-6.0,1
2165,239968,8.99,43,0,11,1.108,4.422,0.0251,5.28,-6.0,1
2166,240001,131.03,33,1,7,0.252,4.92,0.0251,5.28,-6.0,0
2167,240036,145.18,35,1,0,0.295,4.988,0.0252,5.28,-6.0,0
2168,240054,137.65,18,1,2,0.285,4.54,0.0252,5.28,-6.0,0
2169,240554,-33.56,500,0,3,2.828,2.572,0.0254,5.28,-6.0,0
2170,240569,140.04,15,1,0,0.284,4.363,0.0254,5.28,-6.0,0
2171,241069,-54.13,500,0,8,5.34,4.028,0.0252,5.28,-6.0,0
2172,241218,-22.91,149,0,20,1.246,2.7,0.0251,5.28,-6.0,1
2173,241239,146.31,21,1,0,0.182,4.918,0.025,5.28,-6.0,0
2174,241277,138.58,38,1,4,0.247,5.096,0.025,5.28,-6.0,0
2175,241290,133.13,13,1,0,0.284,3.662,0.025,5.28,-6.0,0
2176,241311,112.53,21,1,3,0.272,2.23,0.025,5.28,-6.0,0
2177,241321,132.33,10,1,0,0.228,3.511,0.0249,5.28,-6.0,0
2178,241326,119.56,5,1,0,0.294,2.275,0.0249,5.28,-6.0,0
2179,241520,-1.36,194,0,16,1.414,5.248,0.0251,5.28,-6.0,1
2180,241564,1.1,44,0,9,1.323,3.453,0.0251,5.28,-6.0,1
2181,241587,141.96,23,1,3,0.246,5.157,0.0661,5.28,-6.0,0
2182,241599,-4.1,12,0,5,2.684,3.334,0.0656,5.28,-6.0,1
2183,241605,-5.98,6,0,5,4.461,4.893,0.0654,5.28,-6.0,1
2184,241610,-10.25,5,0,5,2.446,2.446,0.0651,5.28,-6.0,1
2185,241651,133.37,41,1,0,0.211,3.753,0.0628,5.28,-6.0,0
2186,241657,-9.96,6,0,5,3.242,3.276,0.0624,5.28,-6.0,1
2187,242093,-33.07,436,0,29,1.028,2.901,0.0491,5.28,-6.0,1
2188,242189,0.07,96,0,21,1.687,5.174,0.0474,5.28,-6.0,1
2189,242689,-30.35,500,0,3,3.138,3.203,0.0405,5.28,-6.0,0
2190,242695,-10.84,6,0,5,4.313,4.259,0.0404,5.28,-6.0,1
2191,242720,21.02,25,0,7,1.194,4.821,0.0402,5.28,-6.0,1
2192,242731,-9.16,11,0,6,2.193,2.532,0.0401,5.28,-6.0,1
2193,242746,140.32,15,1,0,0.225,4.332,0.0399,5.28,-6.0,0
2194,242786,127.12,40,1,6,0.175,4.287,0.0395,5.28,-6.0,0
2195,242797,123.1,11,1,0,0.255,2.62,0.0394,5.28,-6.0,0
2196,242851,127.46,54,1,0,0.25,3.266,0.0388,5.28,-6.0,0
2197,242857,-12.48,6,0,5,4.581,4.363,0.0387,5.28,-6.0,1
2198,243357,-13.73,500,0,20,0.765,4.893,0.0346,5.28,-6.0,0
2199,243376,131.97,19,1,0,0.2,3.492,0.0345,5.28,-6.0,0
2200,243380,112.3,4,1,0,0.258,1.507,0.0344,5.28,-6.0,0
2201,243394,142.84,14,1,0,0.262,4.616,0.0343,5.28,-6.0,0
2202,243894,-62.61,500,0,12,5.638,4.277,0.0312,5.28,-6.0,0
2203,243918,3.94,24,0,9,1.522,3.836,0.031,5.28,-6.0,1
2204,243946,145.09,28,1,0,0.267,4.916,0.0308,5.28,-6.0,0
2205,244014,109.43,68,1,3,0.265,2.148,0.0305,5.28,-6.0,0
2206,244026,0.37,12,0,7,0.738,2.235,0.0304,5.28,-6.0,1
2207,244085,132.45,59,1,0,0.177,3.717,0.0301,5.28,-6.0,0
2208,244138,135.78,53,1,0,0.114,3.957,0.0298,5.28,-6.0,0
2209,244155,147.85,17,1,0,0.259,5.129,0.0297,5.28,-6.0,0
2210,244165,-6.59,10,0,5,3.695,4.086,0.0296,5.28,-6.0,1
2211,244172,127.66,7,1,0,0.107,2.909,0.0296,5.28,-6.0,0
2212,244596,4.92,424,0,6,0.67,4.482,0.0281,5.28,-6.0,1
2213,244628,127.98,32,1,0,0.22,3.178,0.028,5.28,-6.0,0
2214,244634,111.28,6,1,2,0.211,1.768,0.028,5.28,-6.0,0
2215,245134,-73.08,500,0,3,9.087,4.879,0.0266,5.28,-6.0,0
2216,245150,-11.94,16,0,7,1.398,1.684,0.0266,5.28,-6.0,1
2217,245333,116.92,183,1,1,0.289,3.096,0.0262,5.28,-6.0,0
2218,245833,-38.44,500,0,8,4.181,4.437,0.0258,5.28,-6.0,0
2219,246092,106.68,259,1,29,0.166,5.129,0.0253,5.28,-6.0,0
2220,246109,146.1,17,1,0,0.209,4.904,0.0253,5.28,-6.0,0
2221,246128,-17.11,19,0,10,2.007,2.391,0.0252,5.28,-6.0,1
2222,246358,0.19,230,0,14,0.633,4.601,0.0248,5.28,-6.0,1
2223,246378,19.82,20,0,5,1.879,4.961,0.0248,5.28,-6.0,1
2224,246439,-10.57,61,0,20,0.77,3.019,0.0247,5.28,-6.0,1
2225,246473,138.45,34,1,0,0.293,4.308,0.0247,5.28,-6.0,0
2226,246495,-10.38,22,0,10,2.802,3.874,0.0247,5.28,-6.0,1
2227,246509,17.16,14,0,5,1.989,4.774,0.0247,5.28,-6.0,1
2228,246681,-31.73,172,0,22,1.612,2.299,0.0247,5.28,-6.0,1
2229,246689,123.32,8,1,0,0.235,2.607,0.0247,5.28,-6.0,0
2230,247189,-37.6,500,0,1,5.339,4.28,0.0244,5.28,-6.0,0
2231,247251,12.21,62,0,11,0.601,4.332,0.0635,5.28,-6.0,1
2232,247282,-0.82,31,0,10,2.122,4.195,0.0617,5.28,-6.0,1
2233,247598,-145.62,316,0,17,13.278,3.297,0.0523,5.28,-6.0,1
2234,247606,110.87,8,1,2,0.255,1.781,0.0521,5.28,-6.0,0
2235,247777,131.18,171,1,0,0.272,4.245,0.0487,5.28,-6.0,0
2236,247883,115.89,106,1,0,0.219,2.338,0.0467,5.28,-6.0,0
2237,247888,117.76,5,1,0,0.261,2.062,0.0466,5.28,-6.0,0
2238,247894,-6.07,6,0,5,4.259,4.681,0.0465,5.28,-6.0,1
2239,248394,-31.26,500,0,3,5.146,5.12,0.0398,5.28,-6.0,0
2240,248417,138.91,23,1,0,0.3,4.306,0.0395,5.28,-6.0,0
2241,248546,-19.85,129,0,15,1.162,2.822,0.0382,5.28,-6.0,1
2242,248551,-10.25,5,0,5,4.472,4.472,0.0381,5.28,-6.0,1
2243,248563,21.97,12,0,5,1.629,4.886,0.038,5.28,-6.0,1
2244,248574,-8.47,11,0,8,4.08,4.888,0.0379,5.28,-6.0,1
2245,248579,-10.25,5,0,5,4.525,4.525,0.0379,5.28,-6.0,1
2246,248671,6.07,92,0,6,1.783,4.05,0.037,5.28,-6.0,1
2247,248691,141.34,20,1,2,0.272,4.907,0.0368,5.28,-6.0,0
2248,248702,126.93,11,1,0,0.274,3.022,0.0366,5.28,-6.0,0
2249,248829,4.39,127,0,10,1.219,4.293,0.0357,5.28,-6.0,1
2250,248897,11.4,68,0,9,1.392,4.672,0.0352,5.28,-6.0,1
2251,248902,-10.25,5,0,5,4.809,4.809,0.0352,5.28,-6.0,1
2252,249402,-24.42,500,0,2,1.348,1.806,0.0319,5.28,-6.0,0
2253,249421,122.73,19,1,0,0.261,2.628,0.0317,5.28,-6.0,0
2254,249564,-24.08,143,0,12,1.934,2.641,0.031,5.28,-6.0,1
2255,249569,114.69,5,1,0,0.293,1.787,0.0309,5.28,-6.0,0
2256,249613,125.94,44,1,0,0.268,3.081,0.0306,5.28,-6.0,0
2257,249706,114.36,93,1,1,0.261,2.362,0.03,5.28,-6.0,0
2258,249715,-9.93,9,0,6,2.338,2.589,0.03,5.28,-6.0,1
2259,249765,-17.6,50,0,5,2.246,1.736,0.0298,5.28,-6.0,1
2260,249824,-11.61,59,0,24,0.825,2.958,0.0295,5.28,-6.0,1
2261,249832,-1.33,8,0,5,3.242,4.149,0.0295,5.28,-6.0,1
2262,249850,1.34,18,0,8,2.253,4.078,0.0294,5.28,-6.0,1
2263,250350,-38.88,500,0,33,2.982,4.594,0.0275,5.28,-6.0,0
2264,250462,145.18,112,1,0,0.164,5.241,0.0271,5.28,-6.0,0
2265,250468,112.56,6,1,0,0.273,1.559,0.0271,5.28,-6.0,0
2266,250968,-70.25,500,0,17,3.387,1.861,0.026,5.28,-6.0,0
2267,251468,-16.05,500,0,6,3.14,5.235,0.0253,5.28,-6.0,0
2268,251478,130.38,10,1,0,0.202,3.29,0.0253,5.28,-6.0,0
2269,251509,136.07,31,1,0,0.153,3.914,0.0253,5.28,-6.0,0
2270,251522,140.05,13,1,0,0.013,4.083,0.0253,5.28,-6.0,0
2271,251643,126.15,121,1,0,0.282,3.502,0.0254,5.28,-6.0,0
2272,251650,129.87,7,1,0,0.298,3.32,0.0254,5.28,-6.0,0
2273,251662,12.68,12,0,5,0.796,3.125,0.0254,5.28,-6.0,1
2274,251685,-22.41,23,0,6,5.126,4.2,0.0253,5.28,-6.0,1
2275,251715,144.51,30,1,2,0.163,5.164,0.0252,5.28,-6.0,0
2276,251751,11.69,36,0,6,2.159,4.708,0.0251,5.28,-6.0,1
2277,252039,-47.97,288,0,13,4.101,3.344,0.0251,5.28,-6.0,1
2278,252349,103.93,310,1,11,0.287,4.429,0.0246,5.28,-6.0,0
2279,252365,148.26,16,1,0,0.139,5.045,0.0246,5.28,-6.0,0
2280,252375,133.28,10,1,0,0.172,3.55,0.0247,5.28,-6.0,0
2281,252397,143.15,22,1,0,0.293,4.717,0.0663,5.28,-6.0,0
2282,252408,0.92,11,0,5,2.042,3.189,0.0655,5.28,-6.0,1
2283,252413,117.8,5,1,0,0.284,2.089,0.0652,5.28,-6.0,0
2284,252429,23.94,16,0,6,0.683,4.358,0.0641,5.28,-6.0,1
2285,252644,-7.66,215,0,41,0.842,4.152,0.0558,5.28,-6.0,1
2286,252664,129.24,20,1,4,0.082,3.906,0.0552,5.28,-6.0,0
2287,252708,-12.3,44,0,7,3.226,3.616,0.054,5.28,-6.0,1
2288,253121,93.8,413,1,6,0.178,2.822,0.0463,5.28,-6.0,0
2289,253170,129.48,49,1,4,0.233,4.227,0.0456,5.28,-6.0,0
2290,253399,-31.57,229,0,9,4.217,4.005,0.0426,5.28,-6.0,1
2291,253430,143.16,31,1,0,0.106,4.577,0.0422,5.28,-6.0,0
2292,253528,127.16,98,1,0,0.267,3.473,0.0411,5.28,-6.0,0
2293,253630,2.22,102,0,21,1.308,5.04,0.04,5.28,-6.0,1
2294,253652,33.42,22,0,6,0.459,5.111,0.0398,5.28,-6.0,1
2295,253694,-11.67,42,0,19,2.361,4.404,0.0393,5.28,-6.0,1
2296,253791,-105.58,97,0,12,12.007,4.334,0.0385,5.28,-6.0,1
2297,253817,-18.67,26,0,10,4.454,4.717,0.0383,5.28,-6.0,1
2298,253856,119.85,39,1,0,0.192,2.372,0.0379,5.28,-6.0,0
2299,253873,147.59,17,1,1,0.208,5.252,0.0377,5.28,-6.0,0
2300,253895,135.49,22,1,0,0.198,3.856,0.0375,5.28,-6.0,0
2301,253914,15.05,19,0,5,0.991,3.591,0.0374,5.28,-6.0,1
2302,253923,1.73,9,0,5,3.214,4.432,0.0373,5.28,-6.0,1
2303,253939,25.23,16,0,5,1.417,5.02,0.0371,5.28,-6.0,1
2304,253950,138.93,11,1,0,0.233,4.181,0.037,5.28,-6.0,0
2305,253963,6.43,13,0,5,3.354,5.062,0.0369,5.28,-6.0,1
2306,253978,128.73,15,1,3,0.205,3.753,0.0368,5.28,-6.0,0
2307,254033,12.13,55,0,7,1.024,3.912,0.0364,5.28,-6.0,1
2308,254533,-22.9,500,0,0,4.997,5.207,0.0327,5.28,-6.0,0
2309,254569,128.6,36,1,2,0.216,3.656,0.0325,5.28,-6.0,0
2310,254604,-9.64,35,0,5,4.719,4.93,0.0323,5.28,-6.0,1
2311,254651,131.0,47,1,2,0.136,3.871,0.032,5.28,-6.0,0
2312,254673,146.9,22,1,0,0.249,5.049,0.0319,5.28,-6.0,0
2313,254707,142.36,34,1,0,0.256,4.662,0.0317,5.28,-6.0,0
2314,255207,-15.66,500,0,5,3.194,5.129,0.0295,5.28,-6.0,0
2315,255224,28.82,17,0,5,1.307,5.274,0.0295,5.28,-6.0,1
2316,255233,-1.26,9,0,6,2.311,3.43,0.0294,5.28,-6.0,1
2317,255245,-6.54,12,0,5,4.008,4.414,0.0294,5.28,-6.0,1
2318,255385,135.74,140,1,0,0.268,4.542,0.0289,5.28,-6.0,0
2319,255396,15.81,11,0,5,1.469,4.105,0.0289,5.28,-6.0,1
2320,255436,130.53,40,1,0,0.262,3.515,0.0288,5.28,-6.0,0
2321,255445,135.91,9,1,0,0.211,3.848,0.0287,5.28,-6.0,0
2322,255945,-27.39,500,0,25,0.779,3.54,0.0274,5.28,-6.0,0
2323,256112,127.91,167,1,6,0.279,5.104,0.0271,5.28,-6.0,0
2324,256130,22.34,18,0,6,0.839,4.363,0.0271,5.28,-6.0,1
2325,256168,4.17,38,0,10,1.235,3.842,0.0269,5.28,-6.0,1
2326,256190,31.89,22,0,5,0.91,5.209,0.0268,5.28,-6.0,1
2327,256205,144.26,15,1,0,0.25,4.751,0.0268,5.28,-6.0,0
2328,256222,148.66,17,1,0,0.258,5.209,0.0267,5.28,-6.0,0
2329,256303,127.42,81,1,0,0.25,3.397,0.0266,5.28,-6.0,0
2330,256320,116.26,17,1,0,0.198,1.909,0.0266,5.28,-6.0,0
2331,256343,11.75,23,0,5,0.471,2.762,0.0664,5.28,-6.0,1
2332,256397,-62.8,54,0,15,6.174,3.164,0.0649,5.28,-6.0,1
2333,256410,14.81,13,0,5,1.979,4.525,0.0643,5.28,-6.0,1
2334,256425,-12.94,15,0,10,3.592,4.373,0.0634,5.28,-6.0,1
2335,256518,112.12,93,1,1,0.291,2.169,0.0602,5.28,-6.0,0
2336,256529,131.49,11,1,0,0.252,3.457,0.0599,5.28,-6.0,0
2337,256550,3.24,21,0,7,3.378,5.207,0.0593,5.28,-6.0,1
2338,256581,-14.47,31,0,20,2.59,4.298,0.0586,5.28,-6.0,1
2339,256602,135.37,21,1,6,0.256,5.098,0.058,5.28,-6.0,0
2340,256763,-55.76,161,0,34,5.637,3.865,0.0546,5.28,-6.0,1
2341,256776,139.17,13,1,0,0.045,4.028,0.0544,5.28,-6.0,0
2342,256819,106.5,43,1,9,0.251,2.916,0.0536,5.28,-6.0,0
2343,256955,140.25,136,1,0,0.265,4.97,0.0511,5.28,-6.0,0
2344,256978,17.51,23,0,7,1.367,4.633,0.0507,5.28,-6.0,1
2345,256999,133.92,21,1,0,0.205,3.702,0.0503,5.28,-6.0,0
2346,257014,20.24,15,0,6,1.926,5.224,0.0501,5.28,-6.0,1
2347,257023,5.53,9,0,5,1.58,3.178,0.0499,5.28,-6.0,1
2348,257523,-55.82,500,0,4,6.782,4.5,0.0429,5.28,-6.0,0
2349,257538,125.76,15,1,4,0.168,3.619,0.0427,5.28,-6.0,0
2350,258038,-35.97,500,0,4,5.155,4.858,0.0378,5.28,-6.0,0
2351,258052,12.01,14,0,5,1.589,3.859,0.0376,5.28,-6.0,1
2352,258063,-10.11,11,0,7,2.437,2.881,0.0375,5.28,-6.0,1
2353,258463,-32.38,400,0,20,1.928,3.69,0.0343,5.28,-6.0,1
2354,258480,121.18,17,1,0,0.202,2.405,0.0342,5.28,-6.0,0
2355,258493,7.09,13,0,6,2.838,4.812,0.0341,5.28,-6.0,1
2356,258506,133.81,13,1,1,0.248,3.894,0.034,5.28,-6.0,0
2357,258542,8.59,36,0,11,1.135,4.373,0.0338,5.28,-6.0,1
2358,258648,16.03,106,0,6,1.837,5.17,0.0332,5.28,-6.0,1
2359,258778,125.12,130,1,7,0.297,4.858,0.0325,5.28,-6.0,0
2360,258783,-10.25,5,0,5,3.854,3.854,0.0324,5.28,-6.0,1
2361,258799,-12.97,16,0,10,3.687,4.47,0.0323,5.28,-6.0,1
2362,258812,130.7,13,1,1,0.243,3.578,0.0323,5.28,-6.0,0
2363,259312,-28.72,500,0,3,4.955,5.183,0.0299,5.28,-6.0,0
2364,259374,-6.27,62,0,14,1.704,4.187,0.0296,5.28,-6.0,1
2365,259394,4.04,20,0,7,1.376,3.279,0.0296,5.28,-6.0,1
2366,259421,8.91,27,0,12,0.523,3.949,0.0294,5.28,-6.0,1
2367,259439,25.69,18,0,5,1.548,5.207,0.0294,5.28,-6.0,1
2368,259588,-10.97,149,0,8,2.623,3.871,0.0288,5.28,-6.0,1
2369,259679,139.08,91,1,0,0.297,4.66,0.0285,5.28,-6.0,0
2370,259840,-12.63,161,0,8,1.843,2.985,0.0284,5.28,-6.0,1
2371,259892,128.06,52,1,0,0.238,3.303,0.0283,5.28,-6.0,0
2372,259916,147.06,24,1,0,0.236,5.062,0.0283,5.28,-6.0,0
2373,259926,139.72,10,1,0,0.226,4.248,0.0282,5.28,-6.0,0
2374,259934,125.66,8,1,0,0.225,2.83,0.0282,5.28,-6.0,0
2375,259958,7.59,24,0,6,1.351,3.43,0.0282,5.28,-6.0,1
2376,260346,-37.75,388,0,30,1.493,2.658,0.0272,5.28,-6.0,1
2377,260605,-29.18,259,0,7,4.152,3.929,0.0268,5.28,-6.0,1
2378,260641,143.42,36,1,2,0.176,5.098,0.0267,5.28,-6.0,0
2379,260649,115.66,8,1,0,0.298,1.903,0.0267,5.28,-6.0,0
2380,260662,-6.38,13,0,7,1.844,2.671,0.0267,5.28,-6.0,1
2381,260680,-12.55,18,0,6,0.971,1.006,0.0666,5.28,-6.0,1
2382,260693,-28.79,13,0,7,3.37,1.956,0.0662,5.28,-6.0,1
2383,260714,-40.91,21,0,5,8.029,5.042,0.065,5.28,-6.0,1
2384,260729,130.93,15,1,0,0.199,3.367,0.0642,5.28,-6.0,0
2385,260748,143.95,19,1,0,0.298,4.788,0.0633,5.28,-6.0,0
2386,260862,136.88,114,1,0,0.277,4.535,0.0588,5.28,-6.0,0
2387,260889,24.22,27,0,5,1.008,4.565,0.058,5.28,-6.0,1
2388,260915,18.41,26,0,5,0.512,3.482,0.0573,5.28,-6.0,1
2389,260930,11.59,15,0,7,0.925,3.559,0.0568,5.28,-6.0,1
2390,260945,-13.75,15,0,7,4.589,4.689,0.0564,5.28,-6.0,1
2391,260986,127.58,41,1,2,0.292,3.656,0.0553,5.28,-6.0,0
2392,261004,137.81,18,1,0,0.273,4.143,0.0547,5.28,-6.0,0
2393,261021,0.03,17,0,9,2.318,4.205,0.0543,5.28,-6.0,1
2394,261521,-26.82,500,0,0,4.856,4.674,0.0453,5.28,-6.0,0
2395,262021,-26.09,500,0,11,2.196,4.287,0.0395,5.28,-6.0,0
2396,262038,148.0,17,1,0,0.298,5.183,0.0393,5.28,-6.0,0
2397,262086,140.98,48,1,0,0.234,4.572,0.0388,5.28,-6.0,0
2398,262096,127.61,10,1,1,0.146,3.157,0.0388,5.28,-6.0,0
2399,262101,-10.25,5,0,5,2.062,2.062,0.0387,5.28,-6.0,1
2400,262136,148.05,35,1,0,0.294,5.274,0.0385,5.28,-6.0,0
2401,262158,-2.99,22,0,13,1.877,4.287,0.0383,5.28,-6.0,1
2402,262340,116.25,182,1,0,0.186,2.721,0.0366,5.28,-6.0,0
2403,262376,23.92,36,0,9,0.381,4.753,0.0363,5.28,-6.0,1
2404,262389,8.61,13,0,5,2.475,4.401,0.0362,5.28,-6.0,1
2405,262429,141.15,40,1,0,0.235,4.55,0.0359,5.28,-6.0,0
2406,262458,144.65,29,1,0,0.295,4.904,0.0357,5.28,-6.0,0
2407,262520,-32.16,62,0,26,3.556,3.65,0.0353,5.28,-6.0,1
2408,262534,15.76,14,0,6,0.99,3.836,0.0352,5.28,-6.0,1
2409,262689,-0.2,155,0,8,2.676,5.031,0.034,5.28,-6.0,1
2410,262694,-10.25,5,0,5,1.507,1.507,0.0339,5.28,-6.0,1
2411,262730,20.58,36,0,5,1.028,4.266,0.0337,5.28,-6.0,1
2412,263078,-5.96,348,0,7,1.586,4.13,0.0314,5.28,-6.0,1
2413,263578,-22.38,500,0,8,2.95,4.812,0.0293,5.28,-6.0,0
2414,263618,141.62,40,1,0,0.271,4.633,0.0292,5.28,-6.0,0
2415,263641,-8.92,23,0,7,3.564,4.187,0.0291,5.28,-6.0,1
2416,263656,113.71,15,1,0,0.258,1.704,0.029,5.28,-6.0,0
2417,263671,-6.28,15,0,8,1.912,2.958,0.0289,5.28,-6.0,1
2418,263732,-29.16,61,0,18,4.021,4.409,0.0288,5.28,-6.0,1
2419,263764,145.04,32,1,0,0.222,4.886,0.0288,5.28,-6.0,0
2420,263793,127.03,29,1,1,0.12,3.168,0.0287,5.28,-6.0,0
2421,263806,4.47,13,0,5,0.461,1.973,0.0287,5.28,-6.0,1
2422,263827,17.42,21,0,8,1.048,4.495,0.0287,5.28,-6.0,1
2423,263871,-3.7,44,0,14,0.855,3.505,0.0285,5.28,-6.0,1
2424,263895,129.02,24,1,0,0.188,3.21,0.0285,5.28,-6.0,0
2425,263905,127.87,10,1,1,0.297,3.334,0.0284,5.28,-6.0,0
2426,263924,8.2,19,0,6,1.071,3.186,0.0283,5.28,-6.0,1
2427,263930,-11.05,6,0,5,5.334,5.259,0.0283,5.28,-6.0,1
2428,263940,114.19,10,1,0,0.208,1.677,0.0283,5.28,-6.0,0
2429,263945,121.73,5,1,0,0.249,2.446,0.0282,5.28,-6.0,0
2430,263962,141.86,17,1,0,0.294,4.565,0.0282,5.28,-6.0,0
2431,263976,22.12,14,0,6,1.45,4.932,0.0669,5.28,-6.0,1
2432,264323,84.99,347,1,7,0.221,1.855,0.0562,5.28,-6.0,0
2433,264590,112.47,267,1,10,0.267,4.849,0.0508,5.28,-6.0,0
2434,264606,0.84,16,0,7,2.543,4.108,0.0505,5.28,-6.0,1
2435,264640,144.72,34,1,1,0.114,4.957,0.05,5.28,-6.0,0
2436,264680,4.2,40,0,5,2.118,3.738,0.0493,5.28,-6.0,1
2437,264698,21.59,18,0,6,1.299,4.748,0.049,5.28,-6.0,1
2438,264718,117.97,20,1,5,0.282,3.178,0.0486,5.28,-6.0,0
2439,264730,20.39,12,0,5,1.502,4.601,0.0484,5.28,-6.0,1
2440,264759,140.66,29,1,0,0.234,4.445,0.048,5.28,-6.0,0
2441,264768,6.36,9,0,5,3.314,4.995,0.0478,5.28,-6.0,1
2442,264885,6.04,117,0,22,0.937,5.126,0.0463,5.28,-6.0,1
2443,264900,138.69,15,1,0,0.261,4.205,0.0461,5.28,-6.0,0
2444,265120,-8.5,220,0,19,1.7,4.95,0.0434,5.28,-6.0,1
2445,265168,138.64,48,1,3,0.201,4.904,0.0429,5.28,-6.0,0
2446,265668,-16.61,500,0,5,2.288,4.127,0.0378,5.28,-6.0,0
2447,265840,-11.46,172,0,28,2.413,5.126,0.0363,5.28,-6.0,1
2448,265858,122.85,18,1,1,0.231,2.806,0.0362,5.28,-6.0,0
2449,266333,-15.08,475,0,16,1.156,5.022,0.033,5.28,-6.0,1
2450,266354,134.99,21,1,0,0.267,3.871,0.0329,5.28,-6.0,0
2451,266390,135.31,36,1,0,0.252,3.963,0.0327,5.28,-6.0,0
2452,266435,-6.63,45,0,16,1.283,3.845,0.0324,5.28,-6.0,1
2453,266549,3.09,114,0,9,1.661,4.34,0.0318,5.28,-6.0,1
2454,266665,6.85,116,0,10,1.639,4.904,0.0313,5.28,-6.0,1
2455,266671,-6.05,6,0,5,4.311,4.736,0.0313,5.28,-6.0,1
2456,267171,-60.91,500,0,18,5.811,5.22,0.0298,5.28,-6.0,0
2457,267182,-3.01,11,0,6,3.44,4.394,0.0297,5.28,-6.0,1
2458,267199,-6.43,17,0,9,2.035,3.276,0.0297,5.28,-6.0,1
2459,267206,125.88,7,1,0,0.171,2.794,0.0297,5.28,-6.0,0
2460,267266,138.83,60,1,4,0.278,5.261,0.0295,5.28,-6.0,0
2461,267392,3.44,126,0,18,0.969,4.943,0.0292,5.28,-6.0,1
2462,267579,1.26,187,0,5,2.404,4.465,0.0288,5.28,-6.0,1
2463,267599,0.01,20,0,7,1.22,2.721,0.0288,5.28,-6.0,1
2464,267613,128.5,14,1,3,0.268,3.789,0.0288,5.28,-6.0,0
2465,267642,145.72,29,1,1,0.29,5.207,0.0288,5.28,-6.0,0
2466,267647,-10.25,5,0,5,2.105,2.105,0.0288,5.28,-6.0,1
2467,267665,122.43,18,1,0,0.3,2.632,0.0288,5.28,-6.0,0
2468,267675,8.81,10,0,5,3.138,5.069,0.0288,5.28,-6.0,1
2469,267694,19.02,19,0,7,0.362,3.759,0.0288,5.28,-6.0,1
2470,267699,-10.25,5,0,5,5.166,5.166,0.0288,5.28,-6.0,1
2471,267721,146.82,22,1,0,0.277,5.069,0.0287,5.28,-6.0,0
2472,267805,143.23,84,1,0,0.163,4.907,0.0284,5.28,-6.0,0
2473,267814,123.42,9,1,0,0.172,2.559,0.0284,5.28,-6.0,0
2474,267839,144.6,25,1,0,0.298,4.884,0.0283,5.28,-6.0,0
2475,267879,133.44,40,1,0,0.292,3.836,0.0283,5.28,-6.0,0
2476,267889,130.79,10,1,0,0.232,3.361,0.0282,5.28,-6.0,0
2477,268389,-15.21,500,0,8,2.664,5.244,0.0274,5.28,-6.0,0
2478,268406,137.05,17,1,2,0.224,4.414,0.0274,5.28,-6.0,0
2479,268906,-34.67,500,0,4,4.139,3.971,0.0268,5.28,-6.0,0
2480,268922,142.33,16,1,0,0.271,4.584,0.0268,5.28,-6.0,0
2481,268942,19.9,20,0,6,1.282,4.572,0.0664,5.28,-6.0,1
2482,268947,-10.25,5,0,5,4.821,4.821,0.0662,5.28,-6.0,1
2483,268954,-2.55,7,0,5,3.809,4.589,0.066,5.28,-6.0,1
2484,268984,143.12,30,1,2,0.277,5.14,0.064,5.28,-6.0,0
2485,268995,0.46,11,0,5,3.833,4.934,0.0634,5.28,-6.0,1
2486,269000,-10.25,5,0,5,4.094,4.094,0.0632,5.28,-6.0,1
2487,269017,145.05,17,1,0,0.234,4.823,0.0624,5.28,-6.0,0
2488,269028,5.5,11,0,5,2.096,3.702,0.0619,5.28,-6.0,1
2489,269089,6.59,61,0,11,0.9,4.064,0.0597,5.28,-6.0,1
2490,269098,3.18,9,0,5,2.603,3.966,0.0594,5.28,-6.0,1
2491,269134,-12.78,36,0,11,2.488,3.591,0.0582,5.28,-6.0,1
2492,269342,-28.55,208,0,37,3.83,5.015,0.0529,5.28,-6.0,1
2493,269347,-10.25,5,0,5,3.914,3.914,0.0528,5.28,-6.0,1
2494,269847,-16.79,500,0,1,2.532,3.553,0.0443,5.28,-6.0,0
2495,269926,106.46,79,1,3,0.238,1.879,0.0431,5.28,-6.0,0
2496,270008,100.15,82,1,3,0.299,1.325,0.0422,5.28,-6.0,0
2497,270164,-15.76,156,0,14,0.782,2.786,0.0404,5.28,-6.0,1
2498,270177,147.49,13,1,0,0.22,5.033,0.0402,5.28,-6.0,0
2499,270265,136.2,88,1,3,0.263,4.923,0.0394,5.28,-6.0,0
2500,270676,-29.61,411,0,31,2.085,4.179,0.0358,5.28,-6.0,1
2501,270681,-10.25,5,0,5,3.569,3.569,0.0358,5.28,-6.0,1
2502,270694,138.44,13,1,0,0.286,4.195,0.0357,5.28,-6.0,0
2503,270708,146.35,14,1,0,0.256,4.961,0.0355,5.28,-6.0,0
2504,270717,136.69,9,1,0,0.048,3.762,0.0355,5.28,-6.0,0
2505,270758,137.28,41,1,3,0.177,4.71,0.0351,5.28,-6.0,0
2506,270905,142.14,147,1,0,0.277,5.226,0.0339,5.28,-6.0,0
2507,270919,143.75,14,1,0,0.207,4.652,0.0338,5.28,-6.0,0
2508,270943,113.62,24,1,0,0.299,1.781,0.0336,5.28,-6.0,0
2509,270950,126.37,7,1,0,0.26,2.932,0.0336,5.28,-6.0,0
2510,270955,-10.25,5,0,5,4.173,4.173,0.0335,5.28,-6.0,1
2511,270961,-8.57,6,0,5,4.779,4.952,0.0335,5.28,-6.0,1
2512,270966,117.59,5,1,0,0.262,2.046,0.0334,5.28,-6.0,0
2513,271005,-0.69,39,0,11,1.175,3.502,0.0332,5.28,-6.0,1
2514,271016,10.83,11,0,5,1.791,3.929,0.0331,5.28,-6.0,1
2515,271045,4.92,29,0,12,0.698,3.735,0.0329,5.28,-6.0,1
2516,271065,-7.42,20,0,8,1.087,2.046,0.0327,5.28,-6.0,1
2517,271070,-10.25,5,0,5,3.78,3.78,0.0327,5.28,-6.0,1
2518,271073,111.09,3,1,0,0.243,1.367,0.0327,5.28,-6.0,0
2519,271573,-36.54,500,0,0,5.105,3.952,0.0296,5.28,-6.0,0
2520,271936,-44.7,363,0,12,4.805,4.55,0.0286,5.28,-6.0,1
2521,271942,-13.74,6,0,5,2.3,1.956,0.0285,5.28,-6.0,1
2522,272442,-51.17,500,0,1,7.256,4.84,0.0273,5.28,-6.0,0
2523,272570,4.51,128,0,8,1.723,4.414,0.0272,5.28,-6.0,1
2524,272594,13.07,24,0,8,1.815,4.842,0.0272,5.28,-6.0,1
2525,272609,13.38,15,0,5,2.394,4.807,0.0271,5.28,-6.0,1
2526,272630,140.74,21,1,1,0.28,4.66,0.0271,5.28,-6.0,0
2527,272731,-16.46,101,0,15,2.578,4.437,0.027,5.28,-6.0,1
2528,272757,0.78,26,0,5,3.165,4.373,0.0269,5.28,-6.0,1
2529,272771,138.12,14,1,0,0.256,4.138,0.0269,5.28,-6.0,0
2530,272967,-2.01,196,0,10,0.486,3.266,0.0265,5.28,-6.0,1
2531,272977,-14.94,10,0,9,3.523,3.88,0.067,5.28,-6.0,1
2532,272992,115.73,15,1,1,0.214,2.062,0.0662,5.28,-6.0,0
2533,273003,-3.46,11,0,7,0.627,1.736,0.0657,5.28,-6.0,1
2534,273027,27.05,24,0,5,1.273,5.098,0.0645,5.28,-6.0,1
2535,273036,-1.91,9,0,5,2.58,3.434,0.064,5.28,-6.0,1
2536,273052,-22.1,16,0,8,3.708,3.178,0.0631,5.28,-6.0,1
2537,273059,-2.25,7,0,5,3.352,4.162,0.0628,5.28,-6.0,1
2538,273133,129.01,74,1,0,0.298,3.569,0.0597,5.28,-6.0,0
2539,273161,-44.33,28,0,12,6.212,4.319,0.0588,5.28,-6.0,1
2540,273181,-12.33,20,0,10,2.895,3.762,0.0582,5.28,-6.0,1
2541,273220,17.17,39,0,6,0.791,3.903,0.0571,5.28,-6.0,1
2542,273225,-10.25,5,0,5,4.874,4.874,0.057,5.28,-6.0,1
2543,273725,-51.52,500,0,5,6.611,4.959,0.0474,5.28,-6.0,0
2544,273732,117.56,7,1,0,0.298,2.089,0.0473,5.28,-6.0,0
2545,273895,-36.79,163,0,41,4.438,4.574,0.0452,5.28,-6.0,1
2546,273911,130.86,16,1,4,0.215,4.181,0.045,5.28,-6.0,0
2547,273972,136.2,61,1,0,0.238,4.162,0.0443,5.28,-6.0,0
2548,273988,6.6,16,0,8,0.622,2.962,0.0441,5.28,-6.0,1
2549,273996,-6.73,8,0,5,4.54,4.907,0.0441,5.28,-6.0,1
2550,274114,136.17,118,1,0,0.245,4.452,0.0427,5.28,-6.0,0
2551,274151,122.36,37,1,4,0.242,3.463,0.0423,5.28,-6.0,0
2552,274159,-2.78,8,0,5,3.302,4.064,0.0422,5.28,-6.0,1
2553,274170,-17.83,11,0,9,4.162,4.235,0.0421,5.28,-6.0,1
2554,274295,136.04,125,1,0,0.226,4.455,0.0408,5.28,-6.0,0
2555,274356,128.54,61,1,1,0.216,3.575,0.0402,5.28,-6.0,0
2556,274856,-13.39,500,0,3,2.11,3.871,0.0356,5.28,-6.0,0
2557,274898,125.04,42,1,0,0.293,3.007,0.0354,5.28,-6.0,0
2558,274903,-10.25,5,0,5,4.729,4.729,0.0354,5.28,-6.0,1
2559,274925,130.46,22,1,2,0.232,3.789,0.0353,5.28,-6.0,0
2560,274938,146.06,13,1,0,0.284,4.955,0.0353,5.28,-6.0,0
2561,274954,16.45,16,0,5,2.212,4.936,0.0351,5.28,-6.0,1
2562,274985,115.2,31,1,2,0.277,2.353,0.0349,5.28,-6.0,0
2563,275037,146.57,52,1,0,0.178,5.096,0.0344,5.28,-6.0,0
2564,275052,145.47,15,1,0,0.237,4.858,0.0343,5.28,-6.0,0
2565,275057,-10.25,5,0,5,4.925,4.925,0.0343,5.28,-6.0,1
2566,275079,145.27,22,1,0,0.284,4.92,0.0341,5.28,-6.0,0
2567,275093,131.38,14,1,0,0.189,3.397,0.034,5.28,-6.0,0
2568,275174,116.72,81,1,4,0.248,3.125,0.0336,5.28,-6.0,0
2569,275178,111.65,4,1,0,0.19,1.375,0.0336,5.28,-6.0,0
2570,275187,8.99,9,0,5,1.156,3.1,0.0335,5.28,-6.0,1
2571,275299,-1.86,112,0,8,2.09,4.064,0.0329,5.28,-6.0,1
2572,275799,-38.1,500,0,24,1.764,3.453,0.0307,5.28,-6.0,0
2573,275812,147.76,13,1,1,0.14,5.181,0.0306,5.28,-6.0,0
2574,275934,8.36,122,0,12,1.322,5.168,0.0302,5.28,-6.0,1
2575,275989,139.2,55,1,0,0.29,4.485,0.03,5.28,-6.0,0
2576,275997,-0.37,8,0,5,3.51,4.512,0.03,5.28,-6.0,1
2577,276009,136.32,12,1,0,0.191,3.883,0.0299,5.28,-6.0,0
2578,276062,-11.9,53,0,9,2.053,2.928,0.0297,5.28,-6.0,1
2579,276069,-8.43,7,0,6,4.728,5.12,0.0297,5.28,-6.0,1
2580,276095,123.29,26,1,2,0.244,3.103,0.0296,5.28,-6.0,0
2581,276101,-6.66,6,0,5,3.344,3.708,0.0671,5.28,-6.0,1
2582,276112,9.01,11,0,5,1.752,3.708,0.0667,5.28,-6.0,1
2583,276119,-12.6,7,0,5,5.274,5.049,0.0664,5.28,-6.0,1
2584,276140,-27.91,21,0,8,5.518,4.432,0.0656,5.28,-6.0,1
2585,276176,-34.22,36,0,15,5.091,4.849,0.0643,5.28,-6.0,1
2586,276181,-10.25,5,0,5,2.024,2.024,0.0641,5.28,-6.0,1
2587,276380,131.87,199,1,4,0.257,5.239,0.0576,5.28,-6.0,0
2588,276433,-62.14,53,0,11,8.127,4.378,0.0564,5.28,-6.0,1
2589,276471,15.28,38,0,7,1.668,4.786,0.0555,5.28,-6.0,1
2590,276479,-6.48,8,0,5,1.115,1.507,0.0553,5.28,-6.0,1
2591,276499,117.66,20,1,3,0.255,2.721,0.0549,5.28,-6.0,0
2592,276550,-8.96,51,0,26,2.453,4.812,0.0537,5.28,-6.0,1
2593,277050,-3.55,500,0,0,2.969,5.113,0.0455,5.28,-6.0,0
2594,277062,0.4,12,0,7,0.694,2.194,0.0454,5.28,-6.0,1
2595,277198,135.62,136,1,2,0.273,4.916,0.0437,5.28,-6.0,0
2596,277698,-62.92,500,0,9,5.04,3.048,0.0385,5.28,-6.0,0
2597,277796,7.36,98,0,9,2.164,5.19,0.0377,5.28,-6.0,1
2598,277805,1.43,9,0,5,2.132,3.32,0.0376,5.28,-6.0,1
2599,277812,122.82,7,1,0,0.285,2.602,0.0376,5.28,-6.0,0
2600,277823,-7.98,11,0,8,3.273,4.13,0.0375,5.28,-6.0,1
2601,277917,-14.62,94,0,6,2.884,3.092,0.0367,5.01,-6.0,1
2602,277950,3.23,33,0,12,1.185,4.072,0.0364,5.01,-6.0,1
2603,277970,4.68,20,0,9,1.93,4.298,0.0362,5.01,-6.0,1
2604,277991,113.2,21,1,1,0.187,1.812,0.0361,5.01,-6.0,0
2605,278029,123.22,38,1,0,0.282,2.794,0.0357,5.01,-6.0,0
2606,278148,-19.9,119,0,11,1.609,2.414,0.0348,5.01,-6.0,1
2607,278254,-24.25,106,0,24,2.795,3.9,0.034,5.01,-6.0,1
2608,278438,-35.9,184,0,20,2.44,2.77,0.0327,5.01,-6.0,1
2609,278825,-50.88,387,0,17,1.889,1.736,0.031,5.01,-6.0,1
2610,278850,127.46,25,1,0,0.265,3.136,0.0309,5.01,-6.0,0
2611,278860,116.64,10,1,0,0.259,1.973,0.0308,5.01,-6.0,0
2612,278905,131.68,45,1,2,0.203,3.997,0.0307,5.01,-6.0,0
2613,278973,4.68,68,0,5,3.098,4.907,0.0304,5.01,-6.0,1
2614,278992,16.64,19,0,9,0.343,3.903,0.0303,5.01,-6.0,1
2615,279017,138.57,25,1,1,0.281,4.462,0.0302,5.01,-6.0,0
2616,279322,-27.97,305,0,11,1.657,2.585,0.0288,5.01,-6.0,1
2617,279383,116.89,61,1,2,0.208,2.602,0.0287,5.01,-6.0,0
2618,279406,12.27,23,0,7,2.171,4.914,0.0286,5.01,-6.0,1
2619,279424,18.16,18,0,5,0.534,3.44,0.0285,5.01,-6.0,1
2620,279448,20.05,24,0,6,1.328,4.652,0.0284,5.01,-6.0,1
2621,279469,15.36,21,0,5,0.495,3.136,0.0283,5.01,-6.0,1
2622,279824,-9.98,355,0,30,1.127,4.904,0.0272,5.01,-6.0,1
2623,279839,108.85,15,1,1,0.255,1.415,0.0271,5.01,-6.0,0
2624,279859,-25.78,20,0,13,3.941,4.064,0.0271,5.01,-6.0,1
2625,279867,126.95,8,1,0,0.299,3.034,0.0271,5.01,-6.0,0
2626,279886,-1.17,19,0,10,0.726,2.704,0.0272,5.01,-6.0,1
2627,279917,146.16,31,1,0,0.238,5.009,0.0272,5.01,-6.0,0
2628,279955,126.03,38,1,1,0.259,3.252,0.0271,5.01,-6.0,0
2629,280018,11.71,63,0,11,0.604,4.29,0.0269,5.01,-6.0,1
2630,280021,111.4,3,1,0,0.26,1.415,0.0269,5.01,-6.0,0
2631,280068,-32.53,47,0,6,6.292,4.475,0.0652,5.01,-6.0,1
2632,280101,-41.84,33,0,13,5.944,4.525,0.0638,5.01,-6.0,1
2633,280119,-9.41,18,0,7,2.808,3.357,0.0629,5.01,-6.0,1
2634,280619,-31.07,500,0,8,3.736,4.729,0.0502,5.01,-6.0,0
2635,281115,-38.5,496,0,8,4.11,4.34,0.0428,5.01,-6.0,1
2636,281130,128.31,15,1,3,0.103,3.609,0.0427,5.01,-6.0,0
2637,281181,126.98,51,1,5,0.185,4.138,0.0421,5.01,-6.0,0
2638,281195,4.18,14,0,7,0.753,2.641,0.042,5.01,-6.0,1
2639,281209,4.28,14,0,5,2.118,3.616,0.0419,5.01,-6.0,1
2640,281369,-5.66,160,0,9,1.683,3.717,0.04,5.01,-6.0,1
2641,281409,105.24,40,1,11,0.171,3.096,0.0397,5.01,-6.0,0
2642,281556,7.0,147,0,13,0.615,4.65,0.0383,5.01,-6.0,1
2643,281571,140.85,15,1,0,0.292,4.452,0.0382,5.01,-6.0,0
2644,281610,141.9,39,1,0,0.226,4.611,0.0379,5.01,-6.0,0
2645,281655,128.47,45,1,1,0.284,3.556,0.0375,5.01,-6.0,0
2646,281672,13.48,17,0,5,0.833,3.266,0.0374,5.01,-6.0,1
2647,281706,111.7,34,1,4,0.278,2.419,0.0371,5.01,-6.0,0
2648,281723,1.71,17,0,9,2.536,4.592,0.037,5.01,-6.0,1
2649,281817,138.35,94,1,0,0.289,4.594,0.0362,5.01,-6.0,0
2650,281840,14.98,23,0,10,0.661,4.274,0.0359,5.01,-6.0,1
2651,281858,11.46,18,0,7,1.847,4.482,0.0358,5.01,-6.0,1
2652,281870,142.23,12,1,0,0.262,4.545,0.0357,5.01,-6.0,0
2653,282370,-42.25,500,0,3,5.986,4.861,0.0325,5.01,-6.0,0
2654,282381,10.1,11,0,5,2.18,4.245,0.0325,5.01,-6.0,1
2655,282443,8.21,62,0,8,1.149,3.88,0.0321,5.01,-6.0,1
2656,282481,138.29,38,1,0,0.194,4.213,0.032,5.01,-6.0,0
2657,282616,119.46,135,1,5,0.299,3.92,0.0315,5.01,-6.0,0
2658,282723,-2.84,107,0,16,0.931,4.181,0.0313,5.01,-6.0,1
2659,282754,135.4,31,1,0,0.288,3.983,0.0312,5.01,-6.0,0
2660,282772,-0.18,18,0,8,1.621,3.293,0.0311,5.01,-6.0,1
2661,282871,-2.63,99,0,10,2.333,4.565,0.0308,5.01,-6.0,1
2662,282939,9.79,68,0,7,1.178,3.897,0.0305,5.01,-6.0,1
2663,282947,1.98,8,0,5,1.007,2.245,0.0305,5.01,-6.0,1
2664,282963,129.63,16,1,0,0.291,3.334,0.0304,5.01,-6.0,0
2665,282976,136.83,13,1,0,0.237,3.986,0.0304,5.01,-6.0,0
2666,282981,-10.25,5,0,5,3.252,3.252,0.0303,5.01,-6.0,1
2667,282990,-15.45,9,0,8,3.428,3.527,0.0303,5.01,-6.0,1
2668,283059,123.6,69,1,0,0.196,2.901,0.0302,5.01,-6.0,0
2669,283188,84.85,129,1,10,0.293,1.423,0.0296,5.01,-6.0,0
2670,283226,134.47,38,1,0,0.258,3.894,0.0294,5.01,-6.0,0
2671,283237,115.32,11,1,0,0.149,1.736,0.0294,5.01,-6.0,0
2672,283243,124.11,6,1,0,0.263,2.704,0.0293,5.01,-6.0,0
2673,283257,129.85,14,1,0,0.127,3.182,0.0293,5.01,-6.0,0
2674,283274,128.87,17,1,1,0.041,3.214,0.0292,5.01,-6.0,0
2675,283774,-46.48,500,0,15,2.886,3.738,0.0278,5.01,-6.0,0
2676,283790,8.25,16,0,5,2.692,4.596,0.0278,5.01,-6.0,1
2677,283849,-1.34,59,0,5,2.613,3.774,0.0276,5.01,-6.0,1
2678,283859,134.8,10,1,0,0.199,3.729,0.0276,5.01,-6.0,0
2679,283926,134.55,67,1,1,0.205,4.195,0.0274,5.01,-6.0,0
2680,283991,17.11,65,0,6,0.942,4.179,0.0272,5.01,-6.0,1
2681,283996,-10.25,5,0,5,4.383,4.383,0.0672,5.01,-6.0,1
2682,284009,-13.25,13,0,6,4.674,4.614,0.0666,5.01,-6.0,1
2683,284104,-39.75,95,0,26,4.011,3.511,0.0621,5.01,-6.0,1
2684,284123,13.73,19,0,7,1.762,4.631,0.0614,5.01,-6.0,1
2685,284623,-35.29,500,0,15,1.966,3.937,0.0495,5.01,-6.0,0
2686,284797,-51.88,174,0,38,5.393,4.075,0.0468,5.01,-6.0,1
2687,284802,-10.25,5,0,5,3.952,3.952,0.0467,5.01,-6.0,1
2688,285302,-25.78,500,0,3,3.807,4.329,0.0408,5.01,-6.0,0
2689,285334,134.6,32,1,0,0.142,3.762,0.0405,5.01,-6.0,0
2690,285346,11.36,12,0,5,1.024,3.221,0.0404,5.01,-6.0,1
2691,285385,144.49,39,1,0,0.29,4.934,0.04,5.01,-6.0,0
2692,285443,-26.68,58,0,19,2.036,2.658,0.0395,5.01,-6.0,1
2693,285465,135.46,22,1,1,0.207,4.064,0.0393,5.01,-6.0,0
2694,285530,97.81,65,1,12,0.288,2.794,0.0387,5.01,-6.0,0
2695,285608,9.15,78,0,16,0.583,4.888,0.0381,5.01,-6.0,1
2696,285647,2.96,39,0,18,0.682,4.173,0.0377,5.01,-6.0,1
2697,285663,1.61,16,0,6,0.685,2.127,0.0376,5.01,-6.0,1
2698,285748,123.61,85,1,0,0.277,3.063,0.0368,5.01,-6.0,0
2699,285764,114.5,16,1,5,0.265,2.794,0.0367,5.01,-6.0,0
2700,285857,6.21,93,0,22,0.709,4.795,0.036,5.01,-6.0,1
2701,285869,135.53,12,1,0,0.208,3.821,0.0359,5.01,-6.0,0
2702,286369,-45.71,500,0,0,5.221,3.15,0.0326,5.01,-6.0,0
2703,286521,9.46,152,0,10,1.064,4.769,0.0319,5.01,-6.0,1
2704,286546,144.55,25,1,1,0.188,4.968,0.0318,5.01,-6.0,0
2705,286559,139.54,13,1,0,0.292,4.311,0.0317,5.01,-6.0,0
2706,286601,7.18,42,0,5,1.176,3.103,0.0314,5.01,-6.0,1
2707,286607,123.38,6,1,0,0.252,2.62,0.0314,5.01,-6.0,0
2708,286799,-20.96,192,0,18,0.527,2.391,0.0306,5.01,-6.0,1
2709,286814,131.11,15,1,3,0.219,4.005,0.0305,5.01,-6.0,0
2710,286880,124.2,66,1,0,0.272,3.022,0.0302,5.01,-6.0,0
2711,287380,-33.91,500,0,0,4.543,3.653,0.0281,5.01,-6.0,0
2712,287503,-15.89,123,0,7,0.881,1.308,0.0277,5.01,-6.0,1
2713,287512,-1.37,9,0,5,1.357,2.265,0.0277,5.01,-6.0,1
2714,287544,129.07,32,1,0,0.263,3.331,0.0276,5.01,-6.0,0
2715,287581,125.79,37,1,0,0.243,3.007,0.0274,5.01,-6.0,0
2716,288081,-15.74,500,0,2,3.578,4.904,0.0265,5.01,-6.0,0
2717,288100,122.08,19,1,0,0.211,2.514,0.0265,5.01,-6.0,0
2718,288111,123.65,11,1,3,0.105,3.125,0.0264,5.01,-6.0,0
2719,288119,124.79,8,1,0,0.255,2.774,0.0264,5.01,-6.0,0
2720,288136,122.13,17,1,0,0.194,2.492,0.0263,5.01,-6.0,0
2721,288141,-10.25,5,0,5,4.897,4.897,0.0263,5.01,-6.0,1
2722,288641,-43.99,500,0,4,4.97,3.871,0.0259,5.01,-6.0,0
2723,288782,-6.68,141,0,11,1.2,3.437,0.0259,5.01,-6.0,1
2724,289282,-68.51,500,0,19,5.711,4.36,0.0254,5.01,-6.0,0
2725,289289,110.29,7,1,0,0.173,1.237,0.0254,5.01,-6.0,0
2726,289323,130.19,34,1,0,0.264,3.453,0.0253,5.01,-6.0,0
2727,289327,110.99,4,1,0,0.264,1.383,0.0253,5.01,-6.0,0
2728,289504,-0.22,177,0,30,0.701,4.565,0.0254,5.01,-6.0,1
2729,290004,-66.52,500,0,9,7.081,4.729,0.026,5.01,-6.0,0
2730,290504,-30.79,500,0,2,3.421,3.242,0.0265,5.01,-6.0,0
2731,290523,-18.26,19,0,5,5.685,4.955,0.0665,5.01,-6.0,1
2732,290533,-19.05,10,0,8,2.646,2.391,0.0659,5.01,-6.0,1
2733,290570,-19.04,37,0,8,4.952,4.833,0.0633,5.01,-6.0,1
2734,290576,-6.1,6,0,5,4.553,4.973,0.0629,5.01,-6.0,1
2735,290586,119.2,10,1,0,0.285,2.255,0.0624,5.01,-6.0,0
2736,290654,122.93,68,1,0,0.173,2.806,0.06,5.01,-6.0,0
2737,290676,132.84,22,1,0,0.271,3.665,0.0593,5.01,-6.0,0
2738,290783,92.05,107,1,18,0.161,2.901,0.056,5.01,-6.0,0
2739,290788,-10.25,5,0,5,3.591,3.591,0.0559,5.01,-6.0,1
2740,290802,1.91,14,0,6,1.759,3.221,0.0555,5.01,-6.0,1
2741,290808,113.17,6,1,0,0.275,1.622,0.0553,5.01,-6.0,0
2742,290876,110.61,68,1,0,0.276,1.677,0.0536,5.01,-6.0,0
2743,290960,104.37,84,1,9,0.228,2.885,0.0518,5.01,-6.0,0
2744,291000,-15.85,40,0,12,3.878,4.893,0.0511,5.01,-6.0,1
2745,291014,6.15,14,0,7,0.474,2.559,0.0508,5.01,-6.0,1
2746,291022,-1.77,8,0,5,3.187,4.05,0.0506,5.01,-6.0,1
2747,291278,-43.28,256,0,21,4.551,4.502,0.0463,5.01,-6.0,1
2748,291328,6.87,50,0,9,2.222,4.959,0.0455,5.01,-6.0,1
2749,291354,129.72,26,1,4,0.14,4.042,0.0451,5.01,-6.0,0
2750,291365,-1.39,11,0,5,3.935,4.851,0.0449,5.01,-6.0,1
2751,291399,135.78,34,1,0,0.21,3.957,0.0444,5.01,-6.0,0
2752,291415,123.16,16,1,0,0.292,2.687,0.0443,5.01,-6.0,0
2753,291427,135.79,12,1,0,0.273,3.912,0.0441,5.01,-6.0,0
2754,291440,135.9,13,1,1,0.261,4.116,0.044,5.01,-6.0,0
2755,291448,132.24,8,1,0,0.19,3.453,0.0438,5.01,-6.0,0
2756,291472,119.54,24,1,2,0.218,2.692,0.0435,5.01,-6.0,0
2757,291487,126.6,15,1,2,0.158,3.293,0.0433,5.01,-6.0,0
2758,291987,-45.15,500,0,45,3.761,4.746,0.0378,5.01,-6.0,0
2759,292015,4.57,28,0,6,2.475,4.272,0.0375,5.01,-6.0,1
2760,292074,1.68,59,0,9,2.469,4.732,0.0371,5.01,-6.0,1
2761,292574,-17.49,500,0,5,2.076,3.827,0.0329,5.01,-6.0,0
2762,292592,125.23,18,1,4,0.147,3.559,0.0328,5.01,-6.0,0
2763,292628,130.52,36,1,0,0.27,3.502,0.0325,5.01,-6.0,0
2764,292649,2.94,21,0,7,3.02,4.819,0.0324,5.01,-6.0,1
2765,292707,-1.13,58,0,7,1.672,3.248,0.0321,5.01,-6.0,1
2766,292794,-1.23,87,0,15,1.08,4.391,0.0316,5.01,-6.0,1
2767,292799,-10.25,5,0,5,1.616,1.616,0.0316,5.01,-6.0,1
2768,292808,-14.08,9,0,8,4.185,4.422,0.0315,5.01,-6.0,1
2769,292814,116.96,6,1,0,0.171,1.897,0.0315,5.01,-6.0,0
2770,292820,121.35,6,1,0,0.295,2.46,0.0315,5.01,-6.0,0
2771,292831,115.37,11,1,0,0.112,1.704,0.0314,5.01,-6.0,0
2772,292870,-24.26,39,0,25,0.887,1.657,0.0312,5.01,-6.0,1
2773,292940,6.43,70,0,12,0.936,4.329,0.0308,5.01,-6.0,1
2774,293440,-61.7,500,0,22,5.415,4.746,0.0285,5.01,-6.0,0
2775,293445,-10.25,5,0,5,4.162,4.162,0.0285,5.01,-6.0,1
2776,293456,115.52,11,1,0,0.296,1.903,0.0284,5.01,-6.0,0
2777,293476,111.81,20,1,0,0.292,1.573,0.0284,5.01,-6.0,0
2778,293493,-7.23,17,0,5,3.482,3.845,0.0284,5.01,-6.0,1
2779,293507,7.99,14,0,5,1.746,3.616,0.0283,5.01,-6.0,1
2780,293517,122.44,10,1,0,0.274,2.568,0.0283,5.01,-6.0,0
2781,293534,13.21,17,0,5,1.421,3.827,0.0668,5.01,-6.0,1
2782,293550,-7.79,16,0,9,3.476,4.577,0.0662,5.01,-6.0,1
2783,293573,-9.25,23,0,13,1.445,3.235,0.0655,5.01,-6.0,1
2784,293613,110.38,40,1,3,0.18,2.018,0.0633,5.01,-6.0,0
2785,293618,-10.25,5,0,5,4.652,4.652,0.063,5.01,-6.0,1
2786,293630,9.35,12,0,5,1.698,3.693,0.0624,5.01,-6.0,1
2787,293829,-24.88,199,0,15,1.93,3.437,0.0573,5.01,-6.0,1
2788,293838,0.42,9,0,5,3.245,4.332,0.0571,5.01,-6.0,1
2789,293850,124.7,12,1,0,0.094,2.624,0.0569,5.01,-6.0,0
2790,293858,2.75,8,0,5,0.362,1.677,0.0568,5.01,-6.0,1
2791,293892,106.86,34,1,0,0.267,1.122,0.0561,5.01,-6.0,0
2792,293900,4.93,8,0,5,2.982,4.515,0.056,5.01,-6.0,1
2793,293936,-13.96,36,0,9,4.107,4.691,0.0553,5.01,-6.0,1
2794,294436,-43.57,500,0,6,5.015,4.358,0.0478,5.01,-6.0,0
2795,294452,133.94,16,1,0,0.234,3.708,0.0476,5.01,-6.0,0
2796,294468,110.46,16,1,0,0.199,1.325,0.0473,5.01,-6.0,0
2797,294502,132.75,34,1,4,0.28,4.525,0.0469,5.01,-6.0,0
2798,294521,133.43,19,1,4,0.239,4.477,0.0467,5.01,-6.0,0
2799,295021,-74.68,500,0,17,4.722,2.754,0.0412,5.01,-6.0,0
2800,295026,-10.25,5,0,5,3.048,3.048,0.0412,5.01,-6.0,1
2801,295038,17.11,12,0,5,0.854,3.625,0.0411,5.01,-6.0,1
2802,295056,1.1,18,0,10,0.47,2.671,0.0409,5.01,-6.0,1
2803,295093,143.87,37,1,0,0.296,4.867,0.0405,5.01,-6.0,0
2804,295150,-18.59,57,0,12,1.214,2.04,0.04,5.01,-6.0,1
2805,295158,-12.72,8,0,5,4.206,3.974,0.04,5.01,-6.0,1
2806,295185,129.6,27,1,0,0.157,3.252,0.0397,5.01,-6.0,0
2807,295213,132.19,28,1,1,0.218,3.777,0.0395,5.01,-6.0,0
2808,295242,17.74,29,0,7,0.584,3.903,0.0392,5.01,-6.0,1
2809,295247,-10.25,5,0,5,4.55,4.55,0.0392,5.01,-6.0,1
2810,295747,-48.56,500,0,17,3.654,4.298,0.0356,5.01,-6.0,0
2811,295754,126.31,7,1,0,0.265,2.932,0.0356,5.01,-6.0,0
2812,296045,-14.45,291,0,43,1.455,4.465,0.0337,5.01,-6.0,1
2813,296113,126.41,68,1,0,0.264,3.245,0.0334,5.01,-6.0,0
2814,296274,132.13,161,1,0,0.28,4.298,0.0324,5.01,-6.0,0
2815,296305,142.34,31,1,1,0.272,4.861,0.0323,5.01,-6.0,0
2816,296350,138.31,45,1,1,0.221,4.477,0.0319,5.01,-6.0,0
2817,296363,136.6,13,1,0,0.134,3.859,0.0318,5.01,-6.0,0
2818,296863,-40.07,500,0,30,3.45,4.943,0.0294,5.01,-6.0,0
2819,296941,-24.81,78,0,5,5.748,4.657,0.0292,5.01,-6.0,1
2820,297125,0.71,184,0,11,1.519,4.71,0.0287,5.01,-6.0,1
2821,297168,2.85,43,0,16,0.86,4.36,0.0285,5.01,-6.0,1
2822,297181,16.28,13,0,5,2.295,4.988,0.0285,5.01,-6.0,1
2823,297418,-16.71,237,0,8,2.746,3.859,0.028,5.01,-6.0,1
2824,297453,129.74,35,1,0,0.225,3.374,0.028,5.01,-6.0,0
2825,297505,-3.17,52,0,12,2.172,4.515,0.0279,5.01,-6.0,1
2826,297538,25.87,33,0,5,0.567,4.319,0.0279,5.01,-6.0,1
2827,298038,-28.08,500,0,4,3.702,4.195,0.0267,5.01,-6.0,0
2828,298538,-22.79,500,0,22,1.64,4.861,0.0261,5.01,-6.0,0
2829,298543,116.89,5,1,0,0.265,1.979,0.0261,5.01,-6.0,0
2830,298560,119.61,17,1,0,0.228,2.275,0.0261,5.01,-6.0,0
2831,298570,7.0,10,0,5,2.79,4.54,0.0669,5.01,-6.0,1
2832,298577,-1.95,7,0,5,4.103,4.943,0.0666,5.01,-6.0,1
2833,298586,-3.2,9,0,6,3.821,4.746,0.0661,5.01,-6.0,1
2834,298600,-14.24,14,0,5,3.403,3.048,0.0654,5.01,-6.0,1
2835,298612,-1.54,12,0,5,3.384,4.29,0.065,5.01,-6.0,1
2836,298620,-7.64,8,0,5,3.091,3.367,0.0646,5.01,-6.0,1
2837,298660,140.32,40,1,0,0.169,4.401,0.0624,5.01,-6.0,0
2838,298700,1.74,40,0,14,0.579,3.753,0.0608,5.01,-6.0,1
2839,298724,15.73,24,0,9,0.826,4.319,0.0599,5.01,-6.0,1
2840,298733,4.25,9,0,5,2.207,3.677,0.0596,5.01,-6.0,1
2841,298741,-3.98,8,0,5,0.674,1.316,0.0593,5.01,-6.0,1
2842,298753,-9.26,12,0,9,3.638,4.572,0.0589,5.01,-6.0,1
2843,298820,120.82,67,1,0,0.254,2.671,0.057,5.01,-6.0,0
2844,298871,124.59,51,1,9,0.278,4.793,0.0555,5.01,-6.0,0
2845,298877,118.93,6,1,0,0.287,2.21,0.0554,5.01,-6.0,0
2846,299316,-11.21,439,0,19,0.528,4.601,0.0466,5.01,-6.0,1
2847,299327,118.64,11,1,0,0.27,2.189,0.0464,5.01,-6.0,0
2848,299414,-1.8,87,0,7,1.639,3.293,0.0453,5.01,-6.0,1
2849,299559,-18.96,145,0,18,0.618,2.446,0.0434,5.01,-6.0,1
2850,299565,123.82,6,1,0,0.142,2.554,0.0433,5.01,-6.0,0
2851,299650,140.56,85,1,0,0.265,4.746,0.0422,5.01,-6.0,0
2852,299660,-10.21,10,0,5,4.308,4.337,0.0421,5.01,-6.0,1
2853,299817,-12.25,157,0,19,1.545,4.105,0.0402,5.01,-6.0,1
2854,299848,-18.54,31,0,10,0.871,1.172,0.0399,5.01,-6.0,1
